,Unnamed: 0,drug_row,drug_col,cell_line_name,synergy_hsa,index,findx
669,670,PACLITAXEL,391210-10-9,T-47D,3.705799232,PACLITAXEL391210-10-9T-47D,T-47D_PACLITAXEL_391210-10-9
428,428,LAPATINIB,391210-10-9,T-47D,9.748244607,LAPATINIB391210-10-9T-47D,T-47D_LAPATINIB_391210-10-9
4,4,391210-10-9,RUXOLITINIB,MDA-MB-468,-0.393017105,391210-10-9RUXOLITINIBMDA-MB-468,MDA-MB-468_391210-10-9_RUXOLITINIB
229,229,ERLOTINIB HYDROCHLORIDE,391210-10-9,T-47D,-1.682197393,ERLOTINIB HYDROCHLORIDE391210-10-9T-47D,T-47D_ERLOTINIB HYDROCHLORIDE_391210-10-9
6,6,391210-10-9,STATTIC,MDA-MB-468,0.634869017,391210-10-9STATTICMDA-MB-468,MDA-MB-468_391210-10-9_STATTIC
670,671,PACLITAXEL,915019-65-7,T-47D,11.61985407,PACLITAXEL915019-65-7T-47D,T-47D_PACLITAXEL_915019-65-7
8,8,ALPELISIB,AZD2014,BT-549,3.096316338,ALPELISIBAZD2014BT-549,BT-549_ALPELISIB_AZD2014
10,10,ALPELISIB,BUPARLISIB,BT-549,2.195726562,ALPELISIBBUPARLISIBBT-549,BT-549_ALPELISIB_BUPARLISIB
11,11,ALPELISIB,BUPARLISIB,MDA-MB-468,-0.492290772,ALPELISIBBUPARLISIBMDA-MB-468,MDA-MB-468_ALPELISIB_BUPARLISIB
12,12,ALPELISIB,SELUMETINIB,BT-549,3.559248954,ALPELISIBSELUMETINIBBT-549,BT-549_ALPELISIB_SELUMETINIB
14,14,ANTIBIOTIC AY 22989,DASATINIB,BT-549,0.81867077,ANTIBIOTIC AY 22989DASATINIBBT-549,BT-549_ANTIBIOTIC AY 22989_DASATINIB
15,15,ANTIBIOTIC AY 22989,DASATINIB,MCF7,2.063916222,ANTIBIOTIC AY 22989DASATINIBMCF7,MCF7_ANTIBIOTIC AY 22989_DASATINIB
16,16,ANTIBIOTIC AY 22989,DASATINIB,MDA-MB-231,-5.10907658,ANTIBIOTIC AY 22989DASATINIBMDA-MB-231,MDA-MB-231_ANTIBIOTIC AY 22989_DASATINIB
17,17,ANTIBIOTIC AY 22989,DASATINIB,MDA-MB-468,4.280893911,ANTIBIOTIC AY 22989DASATINIBMDA-MB-468,MDA-MB-468_ANTIBIOTIC AY 22989_DASATINIB
24,24,ANTIBIOTIC AY 22989,ERLOTINIB HYDROCHLORIDE,BT-549,3.539501431,ANTIBIOTIC AY 22989ERLOTINIB HYDROCHLORIDEBT-549,BT-549_ANTIBIOTIC AY 22989_ERLOTINIB HYDROCHLORIDE
29,29,ANTIBIOTIC AY 22989,FULVESTRANT,BT-549,-0.538276347,ANTIBIOTIC AY 22989FULVESTRANTBT-549,BT-549_ANTIBIOTIC AY 22989_FULVESTRANT
31,31,ANTIBIOTIC AY 22989,FULVESTRANT,MDA-MB-231,0.454226444,ANTIBIOTIC AY 22989FULVESTRANTMDA-MB-231,MDA-MB-231_ANTIBIOTIC AY 22989_FULVESTRANT
32,32,ANTIBIOTIC AY 22989,FULVESTRANT,MDA-MB-468,-0.751050011,ANTIBIOTIC AY 22989FULVESTRANTMDA-MB-468,MDA-MB-468_ANTIBIOTIC AY 22989_FULVESTRANT
429,429,LAPATINIB,915019-65-7,T-47D,15.19027207,LAPATINIB915019-65-7T-47D,T-47D_LAPATINIB_915019-65-7
34,34,ANTIBIOTIC AY 22989,LAPATINIB,BT-549,9.323144868,ANTIBIOTIC AY 22989LAPATINIBBT-549,BT-549_ANTIBIOTIC AY 22989_LAPATINIB
36,36,ANTIBIOTIC AY 22989,LAPATINIB,MDA-MB-231,7.586478202,ANTIBIOTIC AY 22989LAPATINIBMDA-MB-231,MDA-MB-231_ANTIBIOTIC AY 22989_LAPATINIB
37,37,ANTIBIOTIC AY 22989,LAPATINIB,MDA-MB-468,7.980093772,ANTIBIOTIC AY 22989LAPATINIBMDA-MB-468,MDA-MB-468_ANTIBIOTIC AY 22989_LAPATINIB
44,44,ANTIBIOTIC AY 22989,NSC733504,BT-549,1.240018211,ANTIBIOTIC AY 22989NSC733504BT-549,BT-549_ANTIBIOTIC AY 22989_NSC733504
45,45,ANTIBIOTIC AY 22989,NSC733504,MCF7,1.863144868,ANTIBIOTIC AY 22989NSC733504MCF7,MCF7_ANTIBIOTIC AY 22989_NSC733504
46,46,ANTIBIOTIC AY 22989,NSC733504,MDA-MB-231,2.8153675,ANTIBIOTIC AY 22989NSC733504MDA-MB-231,MDA-MB-231_ANTIBIOTIC AY 22989_NSC733504
47,47,ANTIBIOTIC AY 22989,NSC733504,MDA-MB-468,2.490671133,ANTIBIOTIC AY 22989NSC733504MDA-MB-468,MDA-MB-468_ANTIBIOTIC AY 22989_NSC733504
366,366,GELDANAMYCIN,915019-65-7,T-47D,19.07016864,GELDANAMYCIN915019-65-7T-47D,T-47D_GELDANAMYCIN_915019-65-7
49,49,ANTIBIOTIC AY 22989,PACLITAXEL,BT-549,2.267714837,ANTIBIOTIC AY 22989PACLITAXELBT-549,BT-549_ANTIBIOTIC AY 22989_PACLITAXEL
50,50,ANTIBIOTIC AY 22989,PACLITAXEL,MCF7,1.130857778,ANTIBIOTIC AY 22989PACLITAXELMCF7,MCF7_ANTIBIOTIC AY 22989_PACLITAXEL
51,51,ANTIBIOTIC AY 22989,PACLITAXEL,MDA-MB-231,0.208983,ANTIBIOTIC AY 22989PACLITAXELMDA-MB-231,MDA-MB-231_ANTIBIOTIC AY 22989_PACLITAXEL
52,52,ANTIBIOTIC AY 22989,PACLITAXEL,MDA-MB-468,0.694505853,ANTIBIOTIC AY 22989PACLITAXELMDA-MB-468,MDA-MB-468_ANTIBIOTIC AY 22989_PACLITAXEL
230,230,ERLOTINIB HYDROCHLORIDE,915019-65-7,T-47D,14.92830822,ERLOTINIB HYDROCHLORIDE915019-65-7T-47D,T-47D_ERLOTINIB HYDROCHLORIDE_915019-65-7
54,54,ANTIBIOTIC AY 22989,SORAFENIB,BT-549,6.272005,ANTIBIOTIC AY 22989SORAFENIBBT-549,BT-549_ANTIBIOTIC AY 22989_SORAFENIB
55,55,ANTIBIOTIC AY 22989,SORAFENIB,MCF7,0.943369134,ANTIBIOTIC AY 22989SORAFENIBMCF7,MCF7_ANTIBIOTIC AY 22989_SORAFENIB
56,56,ANTIBIOTIC AY 22989,SORAFENIB,MDA-MB-231,1.543916222,ANTIBIOTIC AY 22989SORAFENIBMDA-MB-231,MDA-MB-231_ANTIBIOTIC AY 22989_SORAFENIB
216,216,DEFOROLIMUS,915019-65-7,T-47D,25.23462117,DEFOROLIMUS915019-65-7T-47D,T-47D_DEFOROLIMUS_915019-65-7
58,58,ANTIBIOTIC AY 22989,TRISENOX,BT-549,-0.56889844,ANTIBIOTIC AY 22989TRISENOXBT-549,BT-549_ANTIBIOTIC AY 22989_TRISENOX
59,59,ANTIBIOTIC AY 22989,TRISENOX,MCF7,0.988894333,ANTIBIOTIC AY 22989TRISENOXMCF7,MCF7_ANTIBIOTIC AY 22989_TRISENOX
60,60,ANTIBIOTIC AY 22989,TRISENOX,MDA-MB-231,-7.029764778,ANTIBIOTIC AY 22989TRISENOXMDA-MB-231,MDA-MB-231_ANTIBIOTIC AY 22989_TRISENOX
61,61,ANTIBIOTIC AY 22989,TRISENOX,MDA-MB-468,0.686543863,ANTIBIOTIC AY 22989TRISENOXMDA-MB-468,MDA-MB-468_ANTIBIOTIC AY 22989_TRISENOX
173,173,DASATINIB,915019-65-7,T-47D,13.78745057,DASATINIB915019-65-7T-47D,T-47D_DASATINIB_915019-65-7
63,63,AZD2014,AZD5363,MCF7,4.523866385,AZD2014AZD5363MCF7,MCF7_AZD2014_AZD5363
66,66,AZD2014,DEFOROLIMUS,MCF7,21.28791878,AZD2014DEFOROLIMUSMCF7,MCF7_AZD2014_DEFOROLIMUS
818,820,RUXOLITINIB,ANTIBIOTIC AY 22989,T-47D,1.724834964,RUXOLITINIBANTIBIOTIC AY 22989T-47D,T-47D_RUXOLITINIB_ANTIBIOTIC AY 22989
70,70,AZD2014,FULVESTRANT,MCF7,12.27581498,AZD2014FULVESTRANTMCF7,MCF7_AZD2014_FULVESTRANT
107,107,CELECOXIB,ANTIBIOTIC AY 22989,T-47D,2.945557186,CELECOXIBANTIBIOTIC AY 22989T-47D,T-47D_CELECOXIB_ANTIBIOTIC AY 22989
74,74,AZD2014,PF-04691502,MCF7,1.179911408,AZD2014PF-04691502MCF7,MCF7_AZD2014_PF-04691502
1043,1045,TRAMETINIB,AZD2014,T-47D,7.603545757,TRAMETINIBAZD2014T-47D,T-47D_TRAMETINIB_AZD2014
76,76,AZD2014,SELUMETINIB,BT-549,4.996241355,AZD2014SELUMETINIBBT-549,BT-549_AZD2014_SELUMETINIB
83,83,AZD5363,BUPARLISIB,BT-549,4.300048388,AZD5363BUPARLISIBBT-549,BT-549_AZD5363_BUPARLISIB
89,89,AZD5363,FULVESTRANT,MCF7,11.34356793,AZD5363FULVESTRANTMCF7,MCF7_AZD5363_FULVESTRANT
915,917,SAPITINIB,AZD2014,T-47D,9.635718231,SAPITINIBAZD2014T-47D,T-47D_SAPITINIB_AZD2014
91,91,AZD5363,MK-2206,MCF7,6.995873324,AZD5363MK-2206MCF7,MCF7_AZD5363_MK-2206
274,274,GEFITINIB,AZD2014,T-47D,3.415221662,GEFITINIBAZD2014T-47D,T-47D_GEFITINIB_AZD2014
93,93,AZD5363,PF-04691502,MCF7,4.143644009,AZD5363PF-04691502MCF7,MCF7_AZD5363_PF-04691502
242,242,FULVESTRANT,AZD2014,T-47D,5.267892831,FULVESTRANTAZD2014T-47D,T-47D_FULVESTRANT_AZD2014
95,95,AZD5363,TEMSIROLIMUS,MCF7,8.612351231,AZD5363TEMSIROLIMUSMCF7,MCF7_AZD5363_TEMSIROLIMUS
1053,1055,VANDETANIB,CELECOXIB,T-47D,5.029398825,VANDETANIBCELECOXIBT-47D,T-47D_VANDETANIB_CELECOXIB
100,100,BUPARLISIB,AZD2014,MDA-MB-468,2.62010124,BUPARLISIBAZD2014MDA-MB-468,MDA-MB-468_BUPARLISIB_AZD2014
102,102,BUPARLISIB,SELUMETINIB,MDA-MB-468,4.436973847,BUPARLISIBSELUMETINIBMDA-MB-468,MDA-MB-468_BUPARLISIB_SELUMETINIB
103,103,CELECOXIB,ANTIBIOTIC AY 22989,BT-549,-5.369712087,CELECOXIBANTIBIOTIC AY 22989BT-549,BT-549_CELECOXIB_ANTIBIOTIC AY 22989
104,104,CELECOXIB,ANTIBIOTIC AY 22989,MCF7,3.818890867,CELECOXIBANTIBIOTIC AY 22989MCF7,MCF7_CELECOXIB_ANTIBIOTIC AY 22989
105,105,CELECOXIB,ANTIBIOTIC AY 22989,MDA-MB-231,10.52408066,CELECOXIBANTIBIOTIC AY 22989MDA-MB-231,MDA-MB-231_CELECOXIB_ANTIBIOTIC AY 22989
106,106,CELECOXIB,ANTIBIOTIC AY 22989,MDA-MB-468,13.09740867,CELECOXIBANTIBIOTIC AY 22989MDA-MB-468,MDA-MB-468_CELECOXIB_ANTIBIOTIC AY 22989
823,825,RUXOLITINIB,CELECOXIB,T-47D,-3.480109481,RUXOLITINIBCELECOXIBT-47D,T-47D_RUXOLITINIB_CELECOXIB
108,108,CELECOXIB,DASATINIB,BT-549,-0.957775822,CELECOXIBDASATINIBBT-549,BT-549_CELECOXIB_DASATINIB
109,109,CELECOXIB,DASATINIB,MCF7,0.472020911,CELECOXIBDASATINIBMCF7,MCF7_CELECOXIB_DASATINIB
110,110,CELECOXIB,DASATINIB,MDA-MB-231,6.081112667,CELECOXIBDASATINIBMDA-MB-231,MDA-MB-231_CELECOXIB_DASATINIB
111,111,CELECOXIB,DASATINIB,MDA-MB-468,-2.06999837,CELECOXIBDASATINIBMDA-MB-468,MDA-MB-468_CELECOXIB_DASATINIB
728,730,RALOXIFENE,CELECOXIB,T-47D,0.356004222,RALOXIFENECELECOXIBT-47D,T-47D_RALOXIFENE_CELECOXIB
123,123,CELECOXIB,FULVESTRANT,BT-549,-3.928606808,CELECOXIBFULVESTRANTBT-549,BT-549_CELECOXIB_FULVESTRANT
124,124,CELECOXIB,FULVESTRANT,MCF7,2.767777444,CELECOXIBFULVESTRANTMCF7,MCF7_CELECOXIB_FULVESTRANT
125,125,CELECOXIB,FULVESTRANT,MDA-MB-231,-3.756665811,CELECOXIBFULVESTRANTMDA-MB-231,MDA-MB-231_CELECOXIB_FULVESTRANT
126,126,CELECOXIB,FULVESTRANT,MDA-MB-468,-1.846408407,CELECOXIBFULVESTRANTMDA-MB-468,MDA-MB-468_CELECOXIB_FULVESTRANT
473,474,MEGESTROL ACETATE,CELECOXIB,T-47D,7.437004104,MEGESTROL ACETATECELECOXIBT-47D,T-47D_MEGESTROL ACETATE_CELECOXIB
128,128,CELECOXIB,IMATINIB,BT-549,-4.120206937,CELECOXIBIMATINIBBT-549,BT-549_CELECOXIB_IMATINIB
130,130,CELECOXIB,IMATINIB,MDA-MB-231,0.282093111,CELECOXIBIMATINIBMDA-MB-231,MDA-MB-231_CELECOXIB_IMATINIB
131,131,CELECOXIB,IMATINIB,MDA-MB-468,-0.248011944,CELECOXIBIMATINIBMDA-MB-468,MDA-MB-468_CELECOXIB_IMATINIB
1058,1060,VANDETANIB,DASATINIB,T-47D,3.647723653,VANDETANIBDASATINIBT-47D,T-47D_VANDETANIB_DASATINIB
133,133,CELECOXIB,LAPATINIB,BT-549,-5.657732577,CELECOXIBLAPATINIBBT-549,BT-549_CELECOXIB_LAPATINIB
134,134,CELECOXIB,LAPATINIB,MCF7,-0.816632673,CELECOXIBLAPATINIBMCF7,MCF7_CELECOXIB_LAPATINIB
135,135,CELECOXIB,LAPATINIB,MDA-MB-231,-1.183832,CELECOXIBLAPATINIBMDA-MB-231,MDA-MB-231_CELECOXIB_LAPATINIB
136,136,CELECOXIB,LAPATINIB,MDA-MB-468,-1.675553756,CELECOXIBLAPATINIBMDA-MB-468,MDA-MB-468_CELECOXIB_LAPATINIB
987,989,TAMOXIFEN CITRATE,DASATINIB,T-47D,2.45839032,TAMOXIFEN CITRATEDASATINIBT-47D,T-47D_TAMOXIFEN CITRATE_DASATINIB
144,144,CELECOXIB,NILOTINIB,MCF7,-1.677822209,CELECOXIBNILOTINIBMCF7,MCF7_CELECOXIB_NILOTINIB
153,153,CELECOXIB,PACLITAXEL,BT-549,16.37242941,CELECOXIBPACLITAXELBT-549,BT-549_CELECOXIB_PACLITAXEL
154,154,CELECOXIB,PACLITAXEL,MCF7,-0.619999,CELECOXIBPACLITAXELMCF7,MCF7_CELECOXIB_PACLITAXEL
155,155,CELECOXIB,PACLITAXEL,MDA-MB-231,14.14336733,CELECOXIBPACLITAXELMDA-MB-231,MDA-MB-231_CELECOXIB_PACLITAXEL
156,156,CELECOXIB,PACLITAXEL,MDA-MB-468,16.16806578,CELECOXIBPACLITAXELMDA-MB-468,MDA-MB-468_CELECOXIB_PACLITAXEL
828,830,RUXOLITINIB,DASATINIB,T-47D,5.422334964,RUXOLITINIBDASATINIBT-47D,T-47D_RUXOLITINIB_DASATINIB
158,158,CELECOXIB,SORAFENIB,BT-549,-4.369107008,CELECOXIBSORAFENIBBT-549,BT-549_CELECOXIB_SORAFENIB
159,159,CELECOXIB,SORAFENIB,MCF7,-5.743397314,CELECOXIBSORAFENIBMCF7,MCF7_CELECOXIB_SORAFENIB
160,160,CELECOXIB,SORAFENIB,MDA-MB-231,0.300563139,CELECOXIBSORAFENIBMDA-MB-231,MDA-MB-231_CELECOXIB_SORAFENIB
161,161,CELECOXIB,SORAFENIB,MDA-MB-468,-5.503521798,CELECOXIBSORAFENIBMDA-MB-468,MDA-MB-468_CELECOXIB_SORAFENIB
733,735,RALOXIFENE,DASATINIB,T-47D,7.589382889,RALOXIFENEDASATINIBT-47D,T-47D_RALOXIFENE_DASATINIB
163,163,CELECOXIB,TAMOXIFEN CITRATE,BT-549,-2.713861556,CELECOXIBTAMOXIFEN CITRATEBT-549,BT-549_CELECOXIB_TAMOXIFEN CITRATE
164,164,CELECOXIB,TAMOXIFEN CITRATE,MCF7,-0.829781794,CELECOXIBTAMOXIFEN CITRATEMCF7,MCF7_CELECOXIB_TAMOXIFEN CITRATE
165,165,CELECOXIB,TAMOXIFEN CITRATE,MDA-MB-231,5.459827742,CELECOXIBTAMOXIFEN CITRATEMDA-MB-231,MDA-MB-231_CELECOXIB_TAMOXIFEN CITRATE
166,166,CELECOXIB,TAMOXIFEN CITRATE,MDA-MB-468,0.427559778,CELECOXIBTAMOXIFEN CITRATEMDA-MB-468,MDA-MB-468_CELECOXIB_TAMOXIFEN CITRATE
675,676,PACLITAXEL,DASATINIB,T-47D,10.78116072,PACLITAXELDASATINIBT-47D,T-47D_PACLITAXEL_DASATINIB
168,168,CELECOXIB,TRISENOX,BT-549,-0.904442814,CELECOXIBTRISENOXBT-549,BT-549_CELECOXIB_TRISENOX
169,169,CELECOXIB,TRISENOX,MCF7,-3.714442814,CELECOXIBTRISENOXMCF7,MCF7_CELECOXIB_TRISENOX
170,170,CELECOXIB,TRISENOX,MDA-MB-231,-3.882220592,CELECOXIBTRISENOXMDA-MB-231,MDA-MB-231_CELECOXIB_TRISENOX
171,171,CELECOXIB,TRISENOX,MDA-MB-468,-1.104444889,CELECOXIBTRISENOXMDA-MB-468,MDA-MB-468_CELECOXIB_TRISENOX
579,580,MK-2206,DASATINIB,T-47D,8.27135231,MK-2206DASATINIBT-47D,T-47D_MK-2206_DASATINIB
478,479,MEGESTROL ACETATE,DASATINIB,T-47D,7.100760439,MEGESTROL ACETATEDASATINIBT-47D,T-47D_MEGESTROL ACETATE_DASATINIB
430,430,LAPATINIB,DASATINIB,T-47D,7.749196239,LAPATINIBDASATINIBT-47D,T-47D_LAPATINIB_DASATINIB
178,178,DASATINIB,EMCYT (PHARMACIA),MDA-MB-468,2.065589667,DASATINIBEMCYT (PHARMACIA)MDA-MB-468,MDA-MB-468_DASATINIB_EMCYT (PHARMACIA)
182,182,DASATINIB,ERLOTINIB HYDROCHLORIDE,MDA-MB-231,2.493160933,DASATINIBERLOTINIB HYDROCHLORIDEMDA-MB-231,MDA-MB-231_DASATINIB_ERLOTINIB HYDROCHLORIDE
185,185,DASATINIB,FULVESTRANT,BT-549,-0.412345689,DASATINIBFULVESTRANTBT-549,BT-549_DASATINIB_FULVESTRANT
186,186,DASATINIB,FULVESTRANT,MCF7,-2.406676218,DASATINIBFULVESTRANTMCF7,MCF7_DASATINIB_FULVESTRANT
187,187,DASATINIB,FULVESTRANT,MDA-MB-231,4.154270689,DASATINIBFULVESTRANTMDA-MB-231,MDA-MB-231_DASATINIB_FULVESTRANT
188,188,DASATINIB,FULVESTRANT,MDA-MB-468,0.018390222,DASATINIBFULVESTRANTMDA-MB-468,MDA-MB-468_DASATINIB_FULVESTRANT
377,377,IMATINIB,DASATINIB,T-47D,-3.802720889,IMATINIBDASATINIBT-47D,T-47D_IMATINIB_DASATINIB
112,112,CELECOXIB,DASATINIB,T-47D,1.801145105,CELECOXIBDASATINIBT-47D,T-47D_CELECOXIB_DASATINIB
191,191,DASATINIB,LAPATINIB,BT-549,0.259047655,DASATINIBLAPATINIBBT-549,BT-549_DASATINIB_LAPATINIB
192,192,DASATINIB,LAPATINIB,MCF7,0.708749878,DASATINIBLAPATINIBMCF7,MCF7_DASATINIB_LAPATINIB
193,193,DASATINIB,LAPATINIB,MDA-MB-231,8.840742002,DASATINIBLAPATINIBMDA-MB-231,MDA-MB-231_DASATINIB_LAPATINIB
194,194,DASATINIB,LAPATINIB,MDA-MB-468,1.272256456,DASATINIBLAPATINIBMDA-MB-468,MDA-MB-468_DASATINIB_LAPATINIB
1,1,391210-10-9,DASATINIB,T-47D,-1.989518406,391210-10-9DASATINIBT-47D,T-47D_391210-10-9_DASATINIB
206,206,DASATINIB,SORAFENIB,BT-549,0.514079778,DASATINIBSORAFENIBBT-549,BT-549_DASATINIB_SORAFENIB
207,207,DASATINIB,SORAFENIB,MCF7,-2.619107789,DASATINIBSORAFENIBMCF7,MCF7_DASATINIB_SORAFENIB
208,208,DASATINIB,SORAFENIB,MDA-MB-231,0.465337437,DASATINIBSORAFENIBMDA-MB-231,MDA-MB-231_DASATINIB_SORAFENIB
209,209,DASATINIB,SORAFENIB,MDA-MB-468,0.155207977,DASATINIBSORAFENIBMDA-MB-468,MDA-MB-468_DASATINIB_SORAFENIB
944,946,SELUMETINIB,DEFOROLIMUS,T-47D,8.119682517,SELUMETINIBDEFOROLIMUST-47D,T-47D_SELUMETINIB_DEFOROLIMUS
211,211,DASATINIB,TRISENOX,BT-549,-3.316807444,DASATINIBTRISENOXBT-549,BT-549_DASATINIB_TRISENOX
212,212,DASATINIB,TRISENOX,MCF7,-1.715556078,DASATINIBTRISENOXMCF7,MCF7_DASATINIB_TRISENOX
213,213,DASATINIB,TRISENOX,MDA-MB-231,0.287671156,DASATINIBTRISENOXMDA-MB-231,MDA-MB-231_DASATINIB_TRISENOX
214,214,DASATINIB,TRISENOX,MDA-MB-468,0.562351322,DASATINIBTRISENOXMDA-MB-468,MDA-MB-468_DASATINIB_TRISENOX
923,925,SAPITINIB,DEFOROLIMUS,T-47D,-0.420003493,SAPITINIBDEFOROLIMUST-47D,T-47D_SAPITINIB_DEFOROLIMUS
431,431,LAPATINIB,DEFOROLIMUS,T-47D,5.19527553,LAPATINIBDEFOROLIMUST-47D,T-47D_LAPATINIB_DEFOROLIMUS
174,174,DASATINIB,DEFOROLIMUS,T-47D,13.78220278,DASATINIBDEFOROLIMUST-47D,T-47D_DASATINIB_DEFOROLIMUS
219,219,EMCYT (PHARMACIA),ERLOTINIB HYDROCHLORIDE,BT-549,-0.266362546,EMCYT (PHARMACIA)ERLOTINIB HYDROCHLORIDEBT-549,BT-549_EMCYT (PHARMACIA)_ERLOTINIB HYDROCHLORIDE
220,220,EMCYT (PHARMACIA),ERLOTINIB HYDROCHLORIDE,MCF7,-0.001109481,EMCYT (PHARMACIA)ERLOTINIB HYDROCHLORIDEMCF7,MCF7_EMCYT (PHARMACIA)_ERLOTINIB HYDROCHLORIDE
225,225,EMCYT (PHARMACIA),TRISENOX,MCF7,-4.894551066,EMCYT (PHARMACIA)TRISENOXMCF7,MCF7_EMCYT (PHARMACIA)_TRISENOX
227,227,EMCYT (PHARMACIA),TRISENOX,MDA-MB-468,-4.856918955,EMCYT (PHARMACIA)TRISENOXMDA-MB-468,MDA-MB-468_EMCYT (PHARMACIA)_TRISENOX
67,67,AZD2014,DEFOROLIMUS,T-47D,-23.20786749,AZD2014DEFOROLIMUST-47D,T-47D_AZD2014_DEFOROLIMUS
640,641,NSC733504,EMCYT (PHARMACIA),T-47D,2.806761,NSC733504EMCYT (PHARMACIA)T-47D,T-47D_NSC733504_EMCYT (PHARMACIA)
548,549,MITOTANE,EMCYT (PHARMACIA),T-47D,-5.040823978,MITOTANEEMCYT (PHARMACIA)T-47D,T-47D_MITOTANE_EMCYT (PHARMACIA)
296,296,GEFITINIB,ENZASTAURIN,T-47D,1.079846414,GEFITINIBENZASTAURINT-47D,T-47D_GEFITINIB_ENZASTAURIN
237,237,ERLOTINIB HYDROCHLORIDE,TRISENOX,MDA-MB-231,0.237768344,ERLOTINIB HYDROCHLORIDETRISENOXMDA-MB-231,MDA-MB-231_ERLOTINIB HYDROCHLORIDE_TRISENOX
241,241,FULVESTRANT,AZD2014,MDA-MB-468,-13.2322938,FULVESTRANTAZD2014MDA-MB-468,MDA-MB-468_FULVESTRANT_AZD2014
1068,1070,VANDETANIB,ERLOTINIB HYDROCHLORIDE,T-47D,1.736297557,VANDETANIBERLOTINIB HYDROCHLORIDET-47D,T-47D_VANDETANIB_ERLOTINIB HYDROCHLORIDE
244,244,FULVESTRANT,AZD5363,MDA-MB-468,-12.66479841,FULVESTRANTAZD5363MDA-MB-468,MDA-MB-468_FULVESTRANT_AZD5363
257,257,FULVESTRANT,SORAFENIB,BT-549,-5.010217976,FULVESTRANTSORAFENIBBT-549,BT-549_FULVESTRANT_SORAFENIB
258,258,FULVESTRANT,SORAFENIB,MCF7,-6.720076111,FULVESTRANTSORAFENIBMCF7,MCF7_FULVESTRANT_SORAFENIB
259,259,FULVESTRANT,SORAFENIB,MDA-MB-231,0.550946517,FULVESTRANTSORAFENIBMDA-MB-231,MDA-MB-231_FULVESTRANT_SORAFENIB
260,260,FULVESTRANT,SORAFENIB,MDA-MB-468,-4.862445722,FULVESTRANTSORAFENIBMDA-MB-468,MDA-MB-468_FULVESTRANT_SORAFENIB
743,745,RALOXIFENE,ERLOTINIB HYDROCHLORIDE,T-47D,0.995893147,RALOXIFENEERLOTINIB HYDROCHLORIDET-47D,T-47D_RALOXIFENE_ERLOTINIB HYDROCHLORIDE
262,262,FULVESTRANT,TRISENOX,BT-549,-0.363328622,FULVESTRANTTRISENOXBT-549,BT-549_FULVESTRANT_TRISENOX
263,263,FULVESTRANT,TRISENOX,MCF7,2.424336222,FULVESTRANTTRISENOXMCF7,MCF7_FULVESTRANT_TRISENOX
264,264,FULVESTRANT,TRISENOX,MDA-MB-231,-0.163186036,FULVESTRANTTRISENOXMDA-MB-231,MDA-MB-231_FULVESTRANT_TRISENOX
265,265,FULVESTRANT,TRISENOX,MDA-MB-468,-3.895694567,FULVESTRANTTRISENOXMDA-MB-468,MDA-MB-468_FULVESTRANT_TRISENOX
686,688,PACLITAXEL,ERLOTINIB HYDROCHLORIDE,T-47D,2.413945875,PACLITAXELERLOTINIB HYDROCHLORIDET-47D,T-47D_PACLITAXEL_ERLOTINIB HYDROCHLORIDE
269,269,GEFITINIB,ANTIBIOTIC AY 22989,MDA-MB-231,0.714247711,GEFITINIBANTIBIOTIC AY 22989MDA-MB-231,MDA-MB-231_GEFITINIB_ANTIBIOTIC AY 22989
270,270,GEFITINIB,ANTIBIOTIC AY 22989,MDA-MB-468,6.064768226,GEFITINIBANTIBIOTIC AY 22989MDA-MB-468,MDA-MB-468_GEFITINIB_ANTIBIOTIC AY 22989
272,272,GEFITINIB,AZD2014,MCF7,-4.520561966,GEFITINIBAZD2014MCF7,MCF7_GEFITINIB_AZD2014
273,273,GEFITINIB,AZD2014,MDA-MB-468,16.53193687,GEFITINIBAZD2014MDA-MB-468,MDA-MB-468_GEFITINIB_AZD2014
602,603,NILOTINIB,ERLOTINIB HYDROCHLORIDE,T-47D,1.9401873,NILOTINIBERLOTINIB HYDROCHLORIDET-47D,T-47D_NILOTINIB_ERLOTINIB HYDROCHLORIDE
276,276,GEFITINIB,AZD5363,MDA-MB-468,17.85278042,GEFITINIBAZD5363MDA-MB-468,MDA-MB-468_GEFITINIB_AZD5363
278,278,GEFITINIB,CELECOXIB,BT-549,0.490059659,GEFITINIBCELECOXIBBT-549,BT-549_GEFITINIB_CELECOXIB
279,279,GEFITINIB,CELECOXIB,MCF7,1.457291936,GEFITINIBCELECOXIBMCF7,MCF7_GEFITINIB_CELECOXIB
280,280,GEFITINIB,CELECOXIB,MDA-MB-231,-2.458130828,GEFITINIBCELECOXIBMDA-MB-231,MDA-MB-231_GEFITINIB_CELECOXIB
284,284,GEFITINIB,DASATINIB,MCF7,-2.490884785,GEFITINIBDASATINIBMCF7,MCF7_GEFITINIB_DASATINIB
286,286,GEFITINIB,DASATINIB,MDA-MB-468,4.495782,GEFITINIBDASATINIBMDA-MB-468,MDA-MB-468_GEFITINIB_DASATINIB
288,288,GEFITINIB,DEFOROLIMUS,MCF7,1.107807744,GEFITINIBDEFOROLIMUSMCF7,MCF7_GEFITINIB_DEFOROLIMUS
437,437,LAPATINIB,ERLOTINIB HYDROCHLORIDE,T-47D,1.739260663,LAPATINIBERLOTINIB HYDROCHLORIDET-47D,T-47D_LAPATINIB_ERLOTINIB HYDROCHLORIDE
299,299,GEFITINIB,ERLOTINIB HYDROCHLORIDE,MDA-MB-231,3.615680825,GEFITINIBERLOTINIB HYDROCHLORIDEMDA-MB-231,MDA-MB-231_GEFITINIB_ERLOTINIB HYDROCHLORIDE
302,302,GEFITINIB,FULVESTRANT,BT-549,-0.285718119,GEFITINIBFULVESTRANTBT-549,BT-549_GEFITINIB_FULVESTRANT
303,303,GEFITINIB,FULVESTRANT,MCF7,2.820217925,GEFITINIBFULVESTRANTMCF7,MCF7_GEFITINIB_FULVESTRANT
304,304,GEFITINIB,FULVESTRANT,MDA-MB-231,1.578680825,GEFITINIBFULVESTRANTMDA-MB-231,MDA-MB-231_GEFITINIB_FULVESTRANT
305,305,GEFITINIB,FULVESTRANT,MDA-MB-468,-0.554983912,GEFITINIBFULVESTRANTMDA-MB-468,MDA-MB-468_GEFITINIB_FULVESTRANT
309,309,GEFITINIB,IMATINIB,MDA-MB-231,3.031569714,GEFITINIBIMATINIBMDA-MB-231,MDA-MB-231_GEFITINIB_IMATINIB
312,312,GEFITINIB,LAPATINIB,BT-549,0.38617077,GEFITINIBLAPATINIBBT-549,BT-549_GEFITINIB_LAPATINIB
313,313,GEFITINIB,LAPATINIB,MCF7,2.071180825,GEFITINIBLAPATINIBMCF7,MCF7_GEFITINIB_LAPATINIB
314,314,GEFITINIB,LAPATINIB,MDA-MB-231,-0.470107008,GEFITINIBLAPATINIBMDA-MB-231,MDA-MB-231_GEFITINIB_LAPATINIB
317,317,GEFITINIB,MEGESTROL ACETATE,BT-549,2.313504104,GEFITINIBMEGESTROL ACETATEBT-549,BT-549_GEFITINIB_MEGESTROL ACETATE
320,320,GEFITINIB,MEGESTROL ACETATE,MDA-MB-468,5.861337437,GEFITINIBMEGESTROL ACETATEMDA-MB-468,MDA-MB-468_GEFITINIB_MEGESTROL ACETATE
1073,1075,VANDETANIB,FULVESTRANT,T-47D,4.982779408,VANDETANIBFULVESTRANTT-47D,T-47D_VANDETANIB_FULVESTRANT
325,325,GEFITINIB,MITOTANE,MDA-MB-468,0.438337437,GEFITINIBMITOTANEMDA-MB-468,MDA-MB-468_GEFITINIB_MITOTANE
327,327,GEFITINIB,MK-2206,MCF7,4.722109202,GEFITINIBMK-2206MCF7,MCF7_GEFITINIB_MK-2206
340,340,GEFITINIB,PACLITAXEL,BT-549,2.891395545,GEFITINIBPACLITAXELBT-549,BT-549_GEFITINIB_PACLITAXEL
341,341,GEFITINIB,PACLITAXEL,MCF7,2.721395545,GEFITINIBPACLITAXELMCF7,MCF7_GEFITINIB_PACLITAXEL
345,345,GEFITINIB,PF-04691502,MCF7,5.267842133,GEFITINIBPF-04691502MCF7,MCF7_GEFITINIB_PF-04691502
347,347,GEFITINIB,SORAFENIB,BT-549,4.228093772,GEFITINIBSORAFENIBBT-549,BT-549_GEFITINIB_SORAFENIB
348,348,GEFITINIB,SORAFENIB,MCF7,2.709093772,GEFITINIBSORAFENIBMCF7,MCF7_GEFITINIB_SORAFENIB
1000,1002,TAMOXIFEN CITRATE,FULVESTRANT,T-47D,7.714444667,TAMOXIFEN CITRATEFULVESTRANTT-47D,T-47D_TAMOXIFEN CITRATE_FULVESTRANT
352,352,GEFITINIB,TAMOXIFEN CITRATE,BT-549,-0.565718119,GEFITINIBTAMOXIFEN CITRATEBT-549,BT-549_GEFITINIB_TAMOXIFEN CITRATE
353,353,GEFITINIB,TAMOXIFEN CITRATE,MCF7,3.616958603,GEFITINIBTAMOXIFEN CITRATEMCF7,MCF7_GEFITINIB_TAMOXIFEN CITRATE
354,354,GEFITINIB,TAMOXIFEN CITRATE,MDA-MB-231,3.287781881,GEFITINIBTAMOXIFEN CITRATEMDA-MB-231,MDA-MB-231_GEFITINIB_TAMOXIFEN CITRATE
359,359,GEFITINIB,TRAMETINIB,MCF7,6.299269097,GEFITINIBTRAMETINIBMCF7,MCF7_GEFITINIB_TRAMETINIB
362,362,GEFITINIB,TRISENOX,MCF7,-0.820773674,GEFITINIBTRISENOXMCF7,MCF7_GEFITINIB_TRISENOX
364,364,GEFITINIB,TRISENOX,MDA-MB-468,-3.764541397,GEFITINIBTRISENOXMDA-MB-468,MDA-MB-468_GEFITINIB_TRISENOX
948,950,SELUMETINIB,FULVESTRANT,T-47D,1.712126346,SELUMETINIBFULVESTRANTT-47D,T-47D_SELUMETINIB_FULVESTRANT
927,929,SAPITINIB,FULVESTRANT,T-47D,3.856292809,SAPITINIBFULVESTRANTT-47D,T-47D_SAPITINIB_FULVESTRANT
843,845,RUXOLITINIB,FULVESTRANT,T-47D,-4.286220592,RUXOLITINIBFULVESTRANTT-47D,T-47D_RUXOLITINIB_FULVESTRANT
370,370,IMATINIB,ANTIBIOTIC AY 22989,MDA-MB-231,-11.83555317,IMATINIBANTIBIOTIC AY 22989MDA-MB-231,MDA-MB-231_IMATINIB_ANTIBIOTIC AY 22989
371,371,IMATINIB,ANTIBIOTIC AY 22989,MDA-MB-468,-5.289998656,IMATINIBANTIBIOTIC AY 22989MDA-MB-468,MDA-MB-468_IMATINIB_ANTIBIOTIC AY 22989
373,373,IMATINIB,DASATINIB,BT-549,-1.669997822,IMATINIBDASATINIBBT-549,BT-549_IMATINIB_DASATINIB
374,374,IMATINIB,DASATINIB,MCF7,-3.816508213,IMATINIBDASATINIBMCF7,MCF7_IMATINIB_DASATINIB
691,693,PACLITAXEL,FULVESTRANT,T-47D,3.361100222,PACLITAXELFULVESTRANTT-47D,T-47D_PACLITAXEL_FULVESTRANT
389,389,IMATINIB,FULVESTRANT,MCF7,-1.356665036,IMATINIBFULVESTRANTMCF7,MCF7_IMATINIB_FULVESTRANT
391,391,IMATINIB,FULVESTRANT,MDA-MB-468,-0.172350856,IMATINIBFULVESTRANTMDA-MB-468,MDA-MB-468_IMATINIB_FULVESTRANT
393,393,IMATINIB,LAPATINIB,BT-549,-7.195554149,IMATINIBLAPATINIBBT-549,BT-549_IMATINIB_LAPATINIB
395,395,IMATINIB,LAPATINIB,MDA-MB-231,-9.851109481,IMATINIBLAPATINIBMDA-MB-231,MDA-MB-231_IMATINIB_LAPATINIB
396,396,IMATINIB,LAPATINIB,MDA-MB-468,-1.434442814,IMATINIBLAPATINIBMDA-MB-468,MDA-MB-468_IMATINIB_LAPATINIB
607,608,NILOTINIB,FULVESTRANT,T-47D,3.177779408,NILOTINIBFULVESTRANTT-47D,T-47D_NILOTINIB_FULVESTRANT
403,403,IMATINIB,NILOTINIB,BT-549,-4.947230846,IMATINIBNILOTINIBBT-549,BT-549_IMATINIB_NILOTINIB
404,404,IMATINIB,NILOTINIB,MCF7,-4.774488675,IMATINIBNILOTINIBMCF7,MCF7_IMATINIB_NILOTINIB
405,405,IMATINIB,NILOTINIB,MDA-MB-231,-15.31777615,IMATINIBNILOTINIBMDA-MB-231,MDA-MB-231_IMATINIB_NILOTINIB
406,406,IMATINIB,NILOTINIB,MDA-MB-468,-5.531109481,IMATINIBNILOTINIBMDA-MB-468,MDA-MB-468_IMATINIB_NILOTINIB
558,559,MITOTANE,FULVESTRANT,T-47D,9.132211222,MITOTANEFULVESTRANTT-47D,T-47D_MITOTANE_FULVESTRANT
413,413,IMATINIB,PACLITAXEL,BT-549,9.194462282,IMATINIBPACLITAXELBT-549,BT-549_IMATINIB_PACLITAXEL
414,414,IMATINIB,PACLITAXEL,MCF7,-2.051110078,IMATINIBPACLITAXELMCF7,MCF7_IMATINIB_PACLITAXEL
415,415,IMATINIB,PACLITAXEL,MDA-MB-231,2.6975404,IMATINIBPACLITAXELMDA-MB-231,MDA-MB-231_IMATINIB_PACLITAXEL
416,416,IMATINIB,PACLITAXEL,MDA-MB-468,10.24419219,IMATINIBPACLITAXELMDA-MB-468,MDA-MB-468_IMATINIB_PACLITAXEL
493,494,MEGESTROL ACETATE,FULVESTRANT,T-47D,-7.76299837,MEGESTROL ACETATEFULVESTRANTT-47D,T-47D_MEGESTROL ACETATE_FULVESTRANT
420,420,IMATINIB,SORAFENIB,MDA-MB-231,-1.123708002,IMATINIBSORAFENIBMDA-MB-231,MDA-MB-231_IMATINIB_SORAFENIB
421,421,IMATINIB,SORAFENIB,MDA-MB-468,-0.6827208,IMATINIBSORAFENIBMDA-MB-468,MDA-MB-468_IMATINIB_SORAFENIB
446,447,LAPATINIB,FULVESTRANT,T-47D,5.846165222,LAPATINIBFULVESTRANTT-47D,T-47D_LAPATINIB_FULVESTRANT
424,424,IMATINIB,TRISENOX,MCF7,-1.688741592,IMATINIBTRISENOXMCF7,MCF7_IMATINIB_TRISENOX
425,425,IMATINIB,TRISENOX,MDA-MB-231,-1.402231774,IMATINIBTRISENOXMDA-MB-231,MDA-MB-231_IMATINIB_TRISENOX
426,426,IMATINIB,TRISENOX,MDA-MB-468,0.356671378,IMATINIBTRISENOXMDA-MB-468,MDA-MB-468_IMATINIB_TRISENOX
189,189,DASATINIB,FULVESTRANT,T-47D,2.576525033,DASATINIBFULVESTRANTT-47D,T-47D_DASATINIB_FULVESTRANT
127,127,CELECOXIB,FULVESTRANT,T-47D,-4.357778689,CELECOXIBFULVESTRANTT-47D,T-47D_CELECOXIB_FULVESTRANT
90,90,AZD5363,FULVESTRANT,T-47D,-0.528000387,AZD5363FULVESTRANTT-47D,T-47D_AZD5363_FULVESTRANT
33,33,ANTIBIOTIC AY 22989,FULVESTRANT,T-47D,2.018890519,ANTIBIOTIC AY 22989FULVESTRANTT-47D,T-47D_ANTIBIOTIC AY 22989_FULVESTRANT
692,694,PACLITAXEL,GELDANAMYCIN,T-47D,5.069580482,PACLITAXELGELDANAMYCINT-47D,T-47D_PACLITAXEL_GELDANAMYCIN
433,433,LAPATINIB,EMCYT (PHARMACIA),MCF7,-5.279252089,LAPATINIBEMCYT (PHARMACIA)MCF7,MCF7_LAPATINIB_EMCYT (PHARMACIA)
582,583,MK-2206,GELDANAMYCIN,T-47D,4.050375232,MK-2206GELDANAMYCINT-47D,T-47D_MK-2206_GELDANAMYCIN
441,441,LAPATINIB,ERLOTINIB HYDROCHLORIDE,MDA-MB-468,1.273962083,LAPATINIBERLOTINIB HYDROCHLORIDEMDA-MB-468,MDA-MB-468_LAPATINIB_ERLOTINIB HYDROCHLORIDE
442,443,LAPATINIB,FULVESTRANT,BT-549,-0.913861556,LAPATINIBFULVESTRANTBT-549,BT-549_LAPATINIB_FULVESTRANT
443,444,LAPATINIB,FULVESTRANT,MCF7,7.267638767,LAPATINIBFULVESTRANTMCF7,MCF7_LAPATINIB_FULVESTRANT
444,445,LAPATINIB,FULVESTRANT,MDA-MB-231,-1.2460542,LAPATINIBFULVESTRANTMDA-MB-231,MDA-MB-231_LAPATINIB_FULVESTRANT
445,446,LAPATINIB,FULVESTRANT,MDA-MB-468,1.691979222,LAPATINIBFULVESTRANTMDA-MB-468,MDA-MB-468_LAPATINIB_FULVESTRANT
447,448,LAPATINIB,GELDANAMYCIN,T-47D,1.029697732,LAPATINIBGELDANAMYCINT-47D,T-47D_LAPATINIB_GELDANAMYCIN
233,233,ERLOTINIB HYDROCHLORIDE,GELDANAMYCIN,T-47D,6.122868861,ERLOTINIB HYDROCHLORIDEGELDANAMYCINT-47D,T-47D_ERLOTINIB HYDROCHLORIDE_GELDANAMYCIN
217,217,DEFOROLIMUS,GELDANAMYCIN,T-47D,13.1100288,DEFOROLIMUSGELDANAMYCINT-47D,T-47D_DEFOROLIMUS_GELDANAMYCIN
454,455,LAPATINIB,SORAFENIB,BT-549,-2.874662563,LAPATINIBSORAFENIBBT-549,BT-549_LAPATINIB_SORAFENIB
455,456,LAPATINIB,SORAFENIB,MCF7,-5.5491069,LAPATINIBSORAFENIBMCF7,MCF7_LAPATINIB_SORAFENIB
456,457,LAPATINIB,SORAFENIB,MDA-MB-231,-2.418282179,LAPATINIBSORAFENIBMDA-MB-231,MDA-MB-231_LAPATINIB_SORAFENIB
457,458,LAPATINIB,SORAFENIB,MDA-MB-468,-5.8625698,LAPATINIBSORAFENIBMDA-MB-468,MDA-MB-468_LAPATINIB_SORAFENIB
190,190,DASATINIB,GELDANAMYCIN,T-47D,2.949460982,DASATINIBGELDANAMYCINT-47D,T-47D_DASATINIB_GELDANAMYCIN
459,460,LAPATINIB,TRISENOX,BT-549,0.924321641,LAPATINIBTRISENOXBT-549,BT-549_LAPATINIB_TRISENOX
460,461,LAPATINIB,TRISENOX,MCF7,0.130017838,LAPATINIBTRISENOXMCF7,MCF7_LAPATINIB_TRISENOX
461,462,LAPATINIB,TRISENOX,MDA-MB-231,0.891240189,LAPATINIBTRISENOXMDA-MB-231,MDA-MB-231_LAPATINIB_TRISENOX
462,463,LAPATINIB,TRISENOX,MDA-MB-468,3.929893378,LAPATINIBTRISENOXMDA-MB-468,MDA-MB-468_LAPATINIB_TRISENOX
3,3,391210-10-9,GELDANAMYCIN,T-47D,4.439534946,391210-10-9GELDANAMYCINT-47D,T-47D_391210-10-9_GELDANAMYCIN
464,465,MEGESTROL ACETATE,ANTIBIOTIC AY 22989,BT-549,-9.777720592,MEGESTROL ACETATEANTIBIOTIC AY 22989BT-549,BT-549_MEGESTROL ACETATE_ANTIBIOTIC AY 22989
465,466,MEGESTROL ACETATE,ANTIBIOTIC AY 22989,MCF7,-17.3423317,MEGESTROL ACETATEANTIBIOTIC AY 22989MCF7,MCF7_MEGESTROL ACETATE_ANTIBIOTIC AY 22989
467,468,MEGESTROL ACETATE,ANTIBIOTIC AY 22989,MDA-MB-468,-12.62716504,MEGESTROL ACETATEANTIBIOTIC AY 22989MDA-MB-468,MDA-MB-468_MEGESTROL ACETATE_ANTIBIOTIC AY 22989
469,470,MEGESTROL ACETATE,CELECOXIB,BT-549,-1.875165036,MEGESTROL ACETATECELECOXIBBT-549,BT-549_MEGESTROL ACETATE_CELECOXIB
470,471,MEGESTROL ACETATE,CELECOXIB,MCF7,-14.72155393,MEGESTROL ACETATECELECOXIBMCF7,MCF7_MEGESTROL ACETATE_CELECOXIB
471,472,MEGESTROL ACETATE,CELECOXIB,MDA-MB-231,-11.10944281,MEGESTROL ACETATECELECOXIBMDA-MB-231,MDA-MB-231_MEGESTROL ACETATE_CELECOXIB
472,473,MEGESTROL ACETATE,CELECOXIB,MDA-MB-468,-4.725699149,MEGESTROL ACETATECELECOXIBMDA-MB-468,MDA-MB-468_MEGESTROL ACETATE_CELECOXIB
1005,1007,TAMOXIFEN CITRATE,IMATINIB,T-47D,-5.684573567,TAMOXIFEN CITRATEIMATINIBT-47D,T-47D_TAMOXIFEN CITRATE_IMATINIB
474,475,MEGESTROL ACETATE,DASATINIB,BT-549,5.220256778,MEGESTROL ACETATEDASATINIBBT-549,BT-549_MEGESTROL ACETATE_DASATINIB
475,476,MEGESTROL ACETATE,DASATINIB,MCF7,-4.041999667,MEGESTROL ACETATEDASATINIBMCF7,MCF7_MEGESTROL ACETATE_DASATINIB
476,477,MEGESTROL ACETATE,DASATINIB,MDA-MB-231,-4.897109481,MEGESTROL ACETATEDASATINIBMDA-MB-231,MDA-MB-231_MEGESTROL ACETATE_DASATINIB
477,478,MEGESTROL ACETATE,DASATINIB,MDA-MB-468,3.360446075,MEGESTROL ACETATEDASATINIBMDA-MB-468,MDA-MB-468_MEGESTROL ACETATE_DASATINIB
853,855,RUXOLITINIB,IMATINIB,T-47D,2.037890519,RUXOLITINIBIMATINIBT-47D,T-47D_RUXOLITINIB_IMATINIB
479,480,MEGESTROL ACETATE,EMCYT (PHARMACIA),BT-549,-9.210676867,MEGESTROL ACETATEEMCYT (PHARMACIA)BT-549,BT-549_MEGESTROL ACETATE_EMCYT (PHARMACIA)
485,486,MEGESTROL ACETATE,ERLOTINIB HYDROCHLORIDE,MCF7,-15.6958317,MEGESTROL ACETATEERLOTINIB HYDROCHLORIDEMCF7,MCF7_MEGESTROL ACETATE_ERLOTINIB HYDROCHLORIDE
486,487,MEGESTROL ACETATE,ERLOTINIB HYDROCHLORIDE,MDA-MB-231,-6.585109481,MEGESTROL ACETATEERLOTINIB HYDROCHLORIDEMDA-MB-231,MDA-MB-231_MEGESTROL ACETATE_ERLOTINIB HYDROCHLORIDE
489,490,MEGESTROL ACETATE,FULVESTRANT,BT-549,-7.196129109,MEGESTROL ACETATEFULVESTRANTBT-549,BT-549_MEGESTROL ACETATE_FULVESTRANT
490,491,MEGESTROL ACETATE,FULVESTRANT,MCF7,-14.9793317,MEGESTROL ACETATEFULVESTRANTMCF7,MCF7_MEGESTROL ACETATE_FULVESTRANT
491,492,MEGESTROL ACETATE,FULVESTRANT,MDA-MB-231,-11.92744281,MEGESTROL ACETATEFULVESTRANTMDA-MB-231,MDA-MB-231_MEGESTROL ACETATE_FULVESTRANT
492,493,MEGESTROL ACETATE,FULVESTRANT,MDA-MB-468,-7.541109481,MEGESTROL ACETATEFULVESTRANTMDA-MB-468,MDA-MB-468_MEGESTROL ACETATE_FULVESTRANT
132,132,CELECOXIB,IMATINIB,T-47D,-4.559077354,CELECOXIBIMATINIBT-47D,T-47D_CELECOXIB_IMATINIB
495,496,MEGESTROL ACETATE,IMATINIB,MCF7,-5.543442814,MEGESTROL ACETATEIMATINIBMCF7,MCF7_MEGESTROL ACETATE_IMATINIB
496,497,MEGESTROL ACETATE,IMATINIB,MDA-MB-231,-9.26149837,MEGESTROL ACETATEIMATINIBMDA-MB-231,MDA-MB-231_MEGESTROL ACETATE_IMATINIB
499,500,MEGESTROL ACETATE,LAPATINIB,BT-549,0.434673322,MEGESTROL ACETATELAPATINIBBT-549,BT-549_MEGESTROL ACETATE_LAPATINIB
500,501,MEGESTROL ACETATE,LAPATINIB,MCF7,-5.721165036,MEGESTROL ACETATELAPATINIBMCF7,MCF7_MEGESTROL ACETATE_LAPATINIB
501,502,MEGESTROL ACETATE,LAPATINIB,MDA-MB-231,-7.726387259,MEGESTROL ACETATELAPATINIBMDA-MB-231,MDA-MB-231_MEGESTROL ACETATE_LAPATINIB
502,503,MEGESTROL ACETATE,LAPATINIB,MDA-MB-468,-3.702165036,MEGESTROL ACETATELAPATINIBMDA-MB-468,MDA-MB-468_MEGESTROL ACETATE_LAPATINIB
1010,1012,TAMOXIFEN CITRATE,LAPATINIB,T-47D,-1.876572894,TAMOXIFEN CITRATELAPATINIBT-47D,T-47D_TAMOXIFEN CITRATE_LAPATINIB
509,510,MEGESTROL ACETATE,NILOTINIB,BT-549,-5.21482923,MEGESTROL ACETATENILOTINIBBT-549,BT-549_MEGESTROL ACETATE_NILOTINIB
512,513,MEGESTROL ACETATE,NILOTINIB,MDA-MB-468,-5.570720592,MEGESTROL ACETATENILOTINIBMDA-MB-468,MDA-MB-468_MEGESTROL ACETATE_NILOTINIB
858,860,RUXOLITINIB,LAPATINIB,T-47D,-0.650482162,RUXOLITINIBLAPATINIBT-47D,T-47D_RUXOLITINIB_LAPATINIB
516,517,MEGESTROL ACETATE,NSC733504,MDA-MB-231,-6.962166322,MEGESTROL ACETATENSC733504MDA-MB-231,MDA-MB-231_MEGESTROL ACETATE_NSC733504
763,765,RALOXIFENE,LAPATINIB,T-47D,6.724759667,RALOXIFENELAPATINIBT-47D,T-47D_RALOXIFENE_LAPATINIB
519,520,MEGESTROL ACETATE,PACLITAXEL,BT-549,-2.814776147,MEGESTROL ACETATEPACLITAXELBT-549,BT-549_MEGESTROL ACETATE_PACLITAXEL
520,521,MEGESTROL ACETATE,PACLITAXEL,MCF7,-6.916665036,MEGESTROL ACETATEPACLITAXELMCF7,MCF7_MEGESTROL ACETATE_PACLITAXEL
521,522,MEGESTROL ACETATE,PACLITAXEL,MDA-MB-231,-14.7358317,MEGESTROL ACETATEPACLITAXELMDA-MB-231,MDA-MB-231_MEGESTROL ACETATE_PACLITAXEL
522,523,MEGESTROL ACETATE,PACLITAXEL,MDA-MB-468,-6.814942814,MEGESTROL ACETATEPACLITAXELMDA-MB-468,MDA-MB-468_MEGESTROL ACETATE_PACLITAXEL
697,699,PACLITAXEL,LAPATINIB,T-47D,5.767106415,PACLITAXELLAPATINIBT-47D,T-47D_PACLITAXEL_LAPATINIB
524,525,MEGESTROL ACETATE,SORAFENIB,BT-549,4.009982661,MEGESTROL ACETATESORAFENIBBT-549,BT-549_MEGESTROL ACETATE_SORAFENIB
525,526,MEGESTROL ACETATE,SORAFENIB,MCF7,-8.230119352,MEGESTROL ACETATESORAFENIBMCF7,MCF7_MEGESTROL ACETATE_SORAFENIB
526,527,MEGESTROL ACETATE,SORAFENIB,MDA-MB-231,-8.887187486,MEGESTROL ACETATESORAFENIBMDA-MB-231,MDA-MB-231_MEGESTROL ACETATE_SORAFENIB
527,528,MEGESTROL ACETATE,SORAFENIB,MDA-MB-468,-9.817206089,MEGESTROL ACETATESORAFENIBMDA-MB-468,MDA-MB-468_MEGESTROL ACETATE_SORAFENIB
503,504,MEGESTROL ACETATE,LAPATINIB,T-47D,9.797427106,MEGESTROL ACETATELAPATINIBT-47D,T-47D_MEGESTROL ACETATE_LAPATINIB
529,530,MEGESTROL ACETATE,TAMOXIFEN CITRATE,BT-549,-3.209553925,MEGESTROL ACETATETAMOXIFEN CITRATEBT-549,BT-549_MEGESTROL ACETATE_TAMOXIFEN CITRATE
530,531,MEGESTROL ACETATE,TAMOXIFEN CITRATE,MCF7,-8.916942814,MEGESTROL ACETATETAMOXIFEN CITRATEMCF7,MCF7_MEGESTROL ACETATE_TAMOXIFEN CITRATE
531,532,MEGESTROL ACETATE,TAMOXIFEN CITRATE,MDA-MB-231,-16.8578317,MEGESTROL ACETATETAMOXIFEN CITRATEMDA-MB-231,MDA-MB-231_MEGESTROL ACETATE_TAMOXIFEN CITRATE
532,533,MEGESTROL ACETATE,TAMOXIFEN CITRATE,MDA-MB-468,-3.155276147,MEGESTROL ACETATETAMOXIFEN CITRATEMDA-MB-468,MDA-MB-468_MEGESTROL ACETATE_TAMOXIFEN CITRATE
397,397,IMATINIB,LAPATINIB,T-47D,-3.240139011,IMATINIBLAPATINIBT-47D,T-47D_IMATINIB_LAPATINIB
534,535,MEGESTROL ACETATE,TRISENOX,BT-549,4.072038217,MEGESTROL ACETATETRISENOXBT-549,BT-549_MEGESTROL ACETATE_TRISENOX
535,536,MEGESTROL ACETATE,TRISENOX,MCF7,-8.21649837,MEGESTROL ACETATETRISENOXMCF7,MCF7_MEGESTROL ACETATE_TRISENOX
536,537,MEGESTROL ACETATE,TRISENOX,MDA-MB-231,-5.201553925,MEGESTROL ACETATETRISENOXMDA-MB-231,MDA-MB-231_MEGESTROL ACETATE_TRISENOX
537,538,MEGESTROL ACETATE,TRISENOX,MDA-MB-468,-2.326160011,MEGESTROL ACETATETRISENOXMDA-MB-468,MDA-MB-468_MEGESTROL ACETATE_TRISENOX
541,542,MITOTANE,ANTIBIOTIC AY 22989,MDA-MB-231,0.304397504,MITOTANEANTIBIOTIC AY 22989MDA-MB-231,MDA-MB-231_MITOTANE_ANTIBIOTIC AY 22989
545,546,MITOTANE,EMCYT (PHARMACIA),MCF7,-5.005526311,MITOTANEEMCYT (PHARMACIA)MCF7,MCF7_MITOTANE_EMCYT (PHARMACIA)
137,137,CELECOXIB,LAPATINIB,T-47D,-7.2199662,CELECOXIBLAPATINIBT-47D,T-47D_CELECOXIB_LAPATINIB
554,555,MITOTANE,FULVESTRANT,BT-549,-4.421139303,MITOTANEFULVESTRANTBT-549,BT-549_MITOTANE_FULVESTRANT
555,556,MITOTANE,FULVESTRANT,MCF7,-3.391109481,MITOTANEFULVESTRANTMCF7,MCF7_MITOTANE_FULVESTRANT
556,557,MITOTANE,FULVESTRANT,MDA-MB-231,2.326591479,MITOTANEFULVESTRANTMDA-MB-231,MDA-MB-231_MITOTANE_FULVESTRANT
863,865,RUXOLITINIB,MEGESTROL ACETATE,T-47D,-2.495331703,RUXOLITINIBMEGESTROL ACETATET-47D,T-47D_RUXOLITINIB_MEGESTROL ACETATE
566,567,MITOTANE,TRISENOX,MDA-MB-231,-4.561109481,MITOTANETRISENOXMDA-MB-231,MDA-MB-231_MITOTANE_TRISENOX
572,573,MK-2206,ALPELISIB,MDA-MB-468,4.523737667,MK-2206ALPELISIBMDA-MB-468,MDA-MB-468_MK-2206_ALPELISIB
573,574,MK-2206,AZD2014,BT-549,6.071594715,MK-2206AZD2014BT-549,BT-549_MK-2206_AZD2014
574,575,MK-2206,AZD2014,MDA-MB-468,19.14027056,MK-2206AZD2014MDA-MB-468,MDA-MB-468_MK-2206_AZD2014
575,576,MK-2206,AZD5363,BT-549,3.988445698,MK-2206AZD5363BT-549,BT-549_MK-2206_AZD5363
576,577,MK-2206,AZD5363,MDA-MB-468,0.976928907,MK-2206AZD5363MDA-MB-468,MDA-MB-468_MK-2206_AZD5363
768,770,RALOXIFENE,MEGESTROL ACETATE,T-47D,-3.767150578,RALOXIFENEMEGESTROL ACETATET-47D,T-47D_RALOXIFENE_MEGESTROL ACETATE
321,321,GEFITINIB,MEGESTROL ACETATE,T-47D,13.75972365,GEFITINIBMEGESTROL ACETATET-47D,T-47D_GEFITINIB_MEGESTROL ACETATE
617,618,NILOTINIB,MITOTANE,T-47D,-3.737993556,NILOTINIBMITOTANET-47D,T-47D_NILOTINIB_MITOTANE
585,586,NILOTINIB,ANTIBIOTIC AY 22989,MCF7,-2.403331433,NILOTINIBANTIBIOTIC AY 22989MCF7,MCF7_NILOTINIB_ANTIBIOTIC AY 22989
591,592,NILOTINIB,DASATINIB,MDA-MB-231,-12.69777615,NILOTINIBDASATINIBMDA-MB-231,MDA-MB-231_NILOTINIB_DASATINIB
592,593,NILOTINIB,DASATINIB,MDA-MB-468,-8.314443167,NILOTINIBDASATINIBMDA-MB-468,MDA-MB-468_NILOTINIB_DASATINIB
599,600,NILOTINIB,ERLOTINIB HYDROCHLORIDE,MCF7,0.061269565,NILOTINIBERLOTINIB HYDROCHLORIDEMCF7,MCF7_NILOTINIB_ERLOTINIB HYDROCHLORIDE
951,953,SELUMETINIB,MK-2206,T-47D,10.67174135,SELUMETINIBMK-2206T-47D,T-47D_SELUMETINIB_MK-2206
603,604,NILOTINIB,FULVESTRANT,BT-549,-1.684662563,NILOTINIBFULVESTRANTBT-549,BT-549_NILOTINIB_FULVESTRANT
605,606,NILOTINIB,FULVESTRANT,MDA-MB-231,-3.319144721,NILOTINIBFULVESTRANTMDA-MB-231,MDA-MB-231_NILOTINIB_FULVESTRANT
931,933,SAPITINIB,MK-2206,T-47D,3.431989474,SAPITINIBMK-2206T-47D,T-47D_SAPITINIB_MK-2206
609,610,NILOTINIB,LAPATINIB,MCF7,-3.457776147,NILOTINIBLAPATINIBMCF7,MCF7_NILOTINIB_LAPATINIB
703,705,PACLITAXEL,MK-2206,T-47D,6.8450397,PACLITAXELMK-2206T-47D,T-47D_PACLITAXEL_MK-2206
618,619,NILOTINIB,NSC733504,BT-549,-2.448886711,NILOTINIBNSC733504BT-549,BT-549_NILOTINIB_NSC733504
453,454,LAPATINIB,MK-2206,T-47D,5.176995486,LAPATINIBMK-2206T-47D,T-47D_LAPATINIB_MK-2206
627,628,NILOTINIB,SORAFENIB,BT-549,-0.406741111,NILOTINIBSORAFENIBBT-549,BT-549_NILOTINIB_SORAFENIB
628,629,NILOTINIB,SORAFENIB,MCF7,-0.031377801,NILOTINIBSORAFENIBMCF7,MCF7_NILOTINIB_SORAFENIB
632,633,NILOTINIB,TRISENOX,BT-549,-1.07999837,NILOTINIBTRISENOXBT-549,BT-549_NILOTINIB_TRISENOX
637,638,NSC733504,EMCYT (PHARMACIA),MCF7,6.240893111,NSC733504EMCYT (PHARMACIA)MCF7,MCF7_NSC733504_EMCYT (PHARMACIA)
92,92,AZD5363,MK-2206,T-47D,1.503275405,AZD5363MK-2206T-47D,T-47D_AZD5363_MK-2206
647,648,NSC733504,FULVESTRANT,MCF7,5.630969944,NSC733504FULVESTRANTMCF7,MCF7_NSC733504_FULVESTRANT
652,653,NSC733504,LAPATINIB,MCF7,5.568950297,NSC733504LAPATINIBMCF7,MCF7_NSC733504_LAPATINIB
659,660,NSC733504,MITOTANE,MDA-MB-468,-1.870345288,NSC733504MITOTANEMDA-MB-468,MDA-MB-468_NSC733504_MITOTANE
73,73,AZD2014,MK-2206,T-47D,2.438474332,AZD2014MK-2206T-47D,T-47D_AZD2014_MK-2206
513,514,MEGESTROL ACETATE,NILOTINIB,T-47D,4.954115215,MEGESTROL ACETATENILOTINIBT-47D,T-47D_MEGESTROL ACETATE_NILOTINIB
671,672,PACLITAXEL,DASATINIB,BT-549,2.769781881,PACLITAXELDASATINIBBT-549,BT-549_PACLITAXEL_DASATINIB
672,673,PACLITAXEL,DASATINIB,MCF7,-4.943551452,PACLITAXELDASATINIBMCF7,MCF7_PACLITAXEL_DASATINIB
673,674,PACLITAXEL,DASATINIB,MDA-MB-231,-2.365744067,PACLITAXELDASATINIBMDA-MB-231,MDA-MB-231_PACLITAXEL_DASATINIB
674,675,PACLITAXEL,DASATINIB,MDA-MB-468,0.490849422,PACLITAXELDASATINIBMDA-MB-468,MDA-MB-468_PACLITAXEL_DASATINIB
407,407,IMATINIB,NILOTINIB,T-47D,-4.623421135,IMATINIBNILOTINIBT-47D,T-47D_IMATINIB_NILOTINIB
684,686,PACLITAXEL,ERLOTINIB HYDROCHLORIDE,MDA-MB-231,4.863144868,PACLITAXELERLOTINIB HYDROCHLORIDEMDA-MB-231,MDA-MB-231_PACLITAXEL_ERLOTINIB HYDROCHLORIDE
685,687,PACLITAXEL,ERLOTINIB HYDROCHLORIDE,MDA-MB-468,4.890671133,PACLITAXELERLOTINIB HYDROCHLORIDEMDA-MB-468,MDA-MB-468_PACLITAXEL_ERLOTINIB HYDROCHLORIDE
1108,1110,VANDETANIB,NSC733504,T-47D,2.982210844,VANDETANIBNSC733504T-47D,T-47D_VANDETANIB_NSC733504
687,689,PACLITAXEL,FULVESTRANT,BT-549,-0.787466248,PACLITAXELFULVESTRANTBT-549,BT-549_PACLITAXEL_FULVESTRANT
688,690,PACLITAXEL,FULVESTRANT,MCF7,2.515562211,PACLITAXELFULVESTRANTMCF7,MCF7_PACLITAXEL_FULVESTRANT
689,691,PACLITAXEL,FULVESTRANT,MDA-MB-231,0.784631744,PACLITAXELFULVESTRANTMDA-MB-231,MDA-MB-231_PACLITAXEL_FULVESTRANT
690,692,PACLITAXEL,FULVESTRANT,MDA-MB-468,-1.834186185,PACLITAXELFULVESTRANTMDA-MB-468,MDA-MB-468_PACLITAXEL_FULVESTRANT
1025,1027,TAMOXIFEN CITRATE,NSC733504,T-47D,8.480612542,TAMOXIFEN CITRATENSC733504T-47D,T-47D_TAMOXIFEN CITRATE_NSC733504
622,623,NILOTINIB,NSC733504,T-47D,-7.884442889,NILOTINIBNSC733504T-47D,T-47D_NILOTINIB_NSC733504
693,695,PACLITAXEL,LAPATINIB,BT-549,8.497559659,PACLITAXELLAPATINIBBT-549,BT-549_PACLITAXEL_LAPATINIB
694,696,PACLITAXEL,LAPATINIB,MCF7,11.64312105,PACLITAXELLAPATINIBMCF7,MCF7_PACLITAXEL_LAPATINIB
695,697,PACLITAXEL,LAPATINIB,MDA-MB-231,9.143114756,PACLITAXELLAPATINIBMDA-MB-231,MDA-MB-231_PACLITAXEL_LAPATINIB
696,698,PACLITAXEL,LAPATINIB,MDA-MB-468,8.089786744,PACLITAXELLAPATINIBMDA-MB-468,MDA-MB-468_PACLITAXEL_LAPATINIB
518,519,MEGESTROL ACETATE,NSC733504,T-47D,12.42806022,MEGESTROL ACETATENSC733504T-47D,T-47D_MEGESTROL ACETATE_NSC733504
48,48,ANTIBIOTIC AY 22989,NSC733504,T-47D,-0.595767842,ANTIBIOTIC AY 22989NSC733504T-47D,T-47D_ANTIBIOTIC AY 22989_NSC733504
709,711,PACLITAXEL,SORAFENIB,BT-549,14.76311438,PACLITAXELSORAFENIBBT-549,BT-549_PACLITAXEL_SORAFENIB
710,712,PACLITAXEL,SORAFENIB,MCF7,9.284366967,PACLITAXELSORAFENIBMCF7,MCF7_PACLITAXEL_SORAFENIB
711,713,PACLITAXEL,SORAFENIB,MDA-MB-231,9.205051154,PACLITAXELSORAFENIBMDA-MB-231,MDA-MB-231_PACLITAXEL_SORAFENIB
712,714,PACLITAXEL,SORAFENIB,MDA-MB-468,9.39867077,PACLITAXELSORAFENIBMDA-MB-468,MDA-MB-468_PACLITAXEL_SORAFENIB
1030,1032,TAMOXIFEN CITRATE,PACLITAXEL,T-47D,0.716324921,TAMOXIFEN CITRATEPACLITAXELT-47D,T-47D_TAMOXIFEN CITRATE_PACLITAXEL
714,716,PACLITAXEL,TRISENOX,BT-549,-0.138884211,PACLITAXELTRISENOXBT-549,BT-549_PACLITAXEL_TRISENOX
715,717,PACLITAXEL,TRISENOX,MCF7,2.857784433,PACLITAXELTRISENOXMCF7,MCF7_PACLITAXEL_TRISENOX
716,718,PACLITAXEL,TRISENOX,MDA-MB-231,-1.863239561,PACLITAXELTRISENOXMDA-MB-231,MDA-MB-231_PACLITAXEL_TRISENOX
717,719,PACLITAXEL,TRISENOX,MDA-MB-468,-1.004297147,PACLITAXELTRISENOXMDA-MB-468,MDA-MB-468_PACLITAXEL_TRISENOX
883,885,RUXOLITINIB,PACLITAXEL,T-47D,9.479517838,RUXOLITINIBPACLITAXELT-47D,T-47D_RUXOLITINIB_PACLITAXEL
724,726,RALOXIFENE,CELECOXIB,BT-549,-0.14099837,RALOXIFENECELECOXIBBT-549,BT-549_RALOXIFENE_CELECOXIB
725,727,RALOXIFENE,CELECOXIB,MCF7,5.817297557,RALOXIFENECELECOXIBMCF7,MCF7_RALOXIFENE_CELECOXIB
726,728,RALOXIFENE,CELECOXIB,MDA-MB-231,-7.008288322,RALOXIFENECELECOXIBMDA-MB-231,MDA-MB-231_RALOXIFENE_CELECOXIB
727,729,RALOXIFENE,CELECOXIB,MDA-MB-468,1.647469896,RALOXIFENECELECOXIBMDA-MB-468,MDA-MB-468_RALOXIFENE_CELECOXIB
788,790,RALOXIFENE,PACLITAXEL,T-47D,-1.471771122,RALOXIFENEPACLITAXELT-47D,T-47D_RALOXIFENE_PACLITAXEL
729,731,RALOXIFENE,DASATINIB,BT-549,-5.911898422,RALOXIFENEDASATINIBBT-549,BT-549_RALOXIFENE_DASATINIB
730,732,RALOXIFENE,DASATINIB,MCF7,4.913204646,RALOXIFENEDASATINIBMCF7,MCF7_RALOXIFENE_DASATINIB
731,733,RALOXIFENE,DASATINIB,MDA-MB-231,-2.563665036,RALOXIFENEDASATINIBMDA-MB-231,MDA-MB-231_RALOXIFENE_DASATINIB
523,524,MEGESTROL ACETATE,PACLITAXEL,T-47D,2.356204933,MEGESTROL ACETATEPACLITAXELT-47D,T-47D_MEGESTROL ACETATE_PACLITAXEL
734,736,RALOXIFENE,EMCYT (PHARMACIA),BT-549,-0.311355222,RALOXIFENEEMCYT (PHARMACIA)BT-549,BT-549_RALOXIFENE_EMCYT (PHARMACIA)
736,738,RALOXIFENE,EMCYT (PHARMACIA),MDA-MB-231,-4.939044411,RALOXIFENEEMCYT (PHARMACIA)MDA-MB-231,MDA-MB-231_RALOXIFENE_EMCYT (PHARMACIA)
737,739,RALOXIFENE,EMCYT (PHARMACIA),MDA-MB-468,-0.601579656,RALOXIFENEEMCYT (PHARMACIA)MDA-MB-468,MDA-MB-468_RALOXIFENE_EMCYT (PHARMACIA)
417,417,IMATINIB,PACLITAXEL,T-47D,0.878890222,IMATINIBPACLITAXELT-47D,T-47D_IMATINIB_PACLITAXEL
747,749,RALOXIFENE,FULVESTRANT,MDA-MB-468,-0.054220889,RALOXIFENEFULVESTRANTMDA-MB-468,MDA-MB-468_RALOXIFENE_FULVESTRANT
756,758,RALOXIFENE,IMATINIB,MDA-MB-231,-4.209648978,RALOXIFENEIMATINIBMDA-MB-231,MDA-MB-231_RALOXIFENE_IMATINIB
759,761,RALOXIFENE,LAPATINIB,BT-549,-0.929590478,RALOXIFENELAPATINIBBT-549,BT-549_RALOXIFENE_LAPATINIB
761,763,RALOXIFENE,LAPATINIB,MDA-MB-231,-6.259315881,RALOXIFENELAPATINIBMDA-MB-231,MDA-MB-231_RALOXIFENE_LAPATINIB
762,764,RALOXIFENE,LAPATINIB,MDA-MB-468,-0.708202133,RALOXIFENELAPATINIBMDA-MB-468,MDA-MB-468_RALOXIFENE_LAPATINIB
157,157,CELECOXIB,PACLITAXEL,T-47D,2.840045176,CELECOXIBPACLITAXELT-47D,T-47D_CELECOXIB_PACLITAXEL
765,767,RALOXIFENE,MEGESTROL ACETATE,MCF7,-7.555662563,RALOXIFENEMEGESTROL ACETATEMCF7,MCF7_RALOXIFENE_MEGESTROL ACETATE
766,768,RALOXIFENE,MEGESTROL ACETATE,MDA-MB-231,-13.58388479,RALOXIFENEMEGESTROL ACETATEMDA-MB-231,MDA-MB-231_RALOXIFENE_MEGESTROL ACETATE
767,769,RALOXIFENE,MEGESTROL ACETATE,MDA-MB-468,-0.954440222,RALOXIFENEMEGESTROL ACETATEMDA-MB-468,MDA-MB-468_RALOXIFENE_MEGESTROL ACETATE
53,53,ANTIBIOTIC AY 22989,PACLITAXEL,T-47D,-2.837105458,ANTIBIOTIC AY 22989PACLITAXELT-47D,T-47D_ANTIBIOTIC AY 22989_PACLITAXEL
774,776,RALOXIFENE,NILOTINIB,BT-549,-3.718166786,RALOXIFENENILOTINIBBT-549,BT-549_RALOXIFENE_NILOTINIB
775,777,RALOXIFENE,NILOTINIB,MCF7,-4.286773674,RALOXIFENENILOTINIBMCF7,MCF7_RALOXIFENE_NILOTINIB
777,779,RALOXIFENE,NILOTINIB,MDA-MB-468,-0.775845289,RALOXIFENENILOTINIBMDA-MB-468,MDA-MB-468_RALOXIFENE_NILOTINIB
779,781,RALOXIFENE,NSC733504,BT-549,2.189333,RALOXIFENENSC733504BT-549,BT-549_RALOXIFENE_NSC733504
784,786,RALOXIFENE,PACLITAXEL,BT-549,-6.169445,RALOXIFENEPACLITAXELBT-549,BT-549_RALOXIFENE_PACLITAXEL
785,787,RALOXIFENE,PACLITAXEL,MCF7,-0.773439667,RALOXIFENEPACLITAXELMCF7,MCF7_RALOXIFENE_PACLITAXEL
786,788,RALOXIFENE,PACLITAXEL,MDA-MB-231,-5.889887259,RALOXIFENEPACLITAXELMDA-MB-231,MDA-MB-231_RALOXIFENE_PACLITAXEL
787,789,RALOXIFENE,PACLITAXEL,MDA-MB-468,-6.842667222,RALOXIFENEPACLITAXELMDA-MB-468,MDA-MB-468_RALOXIFENE_PACLITAXEL
953,955,SELUMETINIB,PF-04691502,T-47D,12.24424965,SELUMETINIBPF-04691502T-47D,T-47D_SELUMETINIB_PF-04691502
789,791,RALOXIFENE,RUXOLITINIB,BT-549,-2.046156531,RALOXIFENERUXOLITINIBBT-549,BT-549_RALOXIFENE_RUXOLITINIB
790,792,RALOXIFENE,RUXOLITINIB,MCF7,-2.167572222,RALOXIFENERUXOLITINIBMCF7,MCF7_RALOXIFENE_RUXOLITINIB
792,794,RALOXIFENE,RUXOLITINIB,MDA-MB-468,-1.75586891,RALOXIFENERUXOLITINIBMDA-MB-468,MDA-MB-468_RALOXIFENE_RUXOLITINIB
933,935,SAPITINIB,PF-04691502,T-47D,2.196613985,SAPITINIBPF-04691502T-47D,T-47D_SAPITINIB_PF-04691502
794,796,RALOXIFENE,SORAFENIB,BT-549,0.432258383,RALOXIFENESORAFENIBBT-549,BT-549_RALOXIFENE_SORAFENIB
795,797,RALOXIFENE,SORAFENIB,MCF7,2.833272444,RALOXIFENESORAFENIBMCF7,MCF7_RALOXIFENE_SORAFENIB
796,798,RALOXIFENE,SORAFENIB,MDA-MB-231,-12.17977796,RALOXIFENESORAFENIBMDA-MB-231,MDA-MB-231_RALOXIFENE_SORAFENIB
797,799,RALOXIFENE,SORAFENIB,MDA-MB-468,-7.807999778,RALOXIFENESORAFENIBMDA-MB-468,MDA-MB-468_RALOXIFENE_SORAFENIB
94,94,AZD5363,PF-04691502,T-47D,-0.868760139,AZD5363PF-04691502T-47D,T-47D_AZD5363_PF-04691502
799,801,RALOXIFENE,TAMOXIFEN CITRATE,BT-549,-1.712108744,RALOXIFENETAMOXIFEN CITRATEBT-549,BT-549_RALOXIFENE_TAMOXIFEN CITRATE
800,802,RALOXIFENE,TAMOXIFEN CITRATE,MCF7,0.076316,RALOXIFENETAMOXIFEN CITRATEMCF7,MCF7_RALOXIFENE_TAMOXIFEN CITRATE
801,803,RALOXIFENE,TAMOXIFEN CITRATE,MDA-MB-231,-0.545491111,RALOXIFENETAMOXIFEN CITRATEMDA-MB-231,MDA-MB-231_RALOXIFENE_TAMOXIFEN CITRATE
802,804,RALOXIFENE,TAMOXIFEN CITRATE,MDA-MB-468,-2.167109778,RALOXIFENETAMOXIFEN CITRATEMDA-MB-468,MDA-MB-468_RALOXIFENE_TAMOXIFEN CITRATE
75,75,AZD2014,PF-04691502,T-47D,-0.996362188,AZD2014PF-04691502T-47D,T-47D_AZD2014_PF-04691502
804,806,RALOXIFENE,TRISENOX,BT-549,-3.721486,RALOXIFENETRISENOXBT-549,BT-549_RALOXIFENE_TRISENOX
814,816,RUXOLITINIB,ANTIBIOTIC AY 22989,BT-549,4.936834964,RUXOLITINIBANTIBIOTIC AY 22989BT-549,BT-549_RUXOLITINIB_ANTIBIOTIC AY 22989
815,817,RUXOLITINIB,ANTIBIOTIC AY 22989,MCF7,8.561557186,RUXOLITINIBANTIBIOTIC AY 22989MCF7,MCF7_RUXOLITINIB_ANTIBIOTIC AY 22989
816,818,RUXOLITINIB,ANTIBIOTIC AY 22989,MDA-MB-231,11.59358321,RUXOLITINIBANTIBIOTIC AY 22989MDA-MB-231,MDA-MB-231_RUXOLITINIB_ANTIBIOTIC AY 22989
817,819,RUXOLITINIB,ANTIBIOTIC AY 22989,MDA-MB-468,17.78383496,RUXOLITINIBANTIBIOTIC AY 22989MDA-MB-468,MDA-MB-468_RUXOLITINIB_ANTIBIOTIC AY 22989
1123,1125,VANDETANIB,RUXOLITINIB,T-47D,-0.037440341,VANDETANIBRUXOLITINIBT-47D,T-47D_VANDETANIB_RUXOLITINIB
819,821,RUXOLITINIB,CELECOXIB,BT-549,2.115279408,RUXOLITINIBCELECOXIBBT-549,BT-549_RUXOLITINIB_CELECOXIB
820,822,RUXOLITINIB,CELECOXIB,MCF7,5.405081045,RUXOLITINIBCELECOXIBMCF7,MCF7_RUXOLITINIB_CELECOXIB
821,823,RUXOLITINIB,CELECOXIB,MDA-MB-231,-3.34700419,RUXOLITINIBCELECOXIBMDA-MB-231,MDA-MB-231_RUXOLITINIB_CELECOXIB
822,824,RUXOLITINIB,CELECOXIB,MDA-MB-468,-0.472119735,RUXOLITINIBCELECOXIBMDA-MB-468,MDA-MB-468_RUXOLITINIB_CELECOXIB
793,795,RALOXIFENE,RUXOLITINIB,T-47D,-5.027663,RALOXIFENERUXOLITINIBT-47D,T-47D_RALOXIFENE_RUXOLITINIB
824,826,RUXOLITINIB,DASATINIB,BT-549,9.784969933,RUXOLITINIBDASATINIBBT-549,BT-549_RUXOLITINIB_DASATINIB
825,827,RUXOLITINIB,DASATINIB,MCF7,1.607834764,RUXOLITINIBDASATINIBMCF7,MCF7_RUXOLITINIB_DASATINIB
826,828,RUXOLITINIB,DASATINIB,MDA-MB-231,17.6406366,RUXOLITINIBDASATINIBMDA-MB-231,MDA-MB-231_RUXOLITINIB_DASATINIB
827,829,RUXOLITINIB,DASATINIB,MDA-MB-468,0.900779408,RUXOLITINIBDASATINIBMDA-MB-468,MDA-MB-468_RUXOLITINIB_DASATINIB
1035,1037,TAMOXIFEN CITRATE,SORAFENIB,T-47D,-0.155904041,TAMOXIFEN CITRATESORAFENIBT-47D,T-47D_TAMOXIFEN CITRATE_SORAFENIB
835,837,RUXOLITINIB,ERLOTINIB HYDROCHLORIDE,MCF7,5.811612542,RUXOLITINIBERLOTINIB HYDROCHLORIDEMCF7,MCF7_RUXOLITINIB_ERLOTINIB HYDROCHLORIDE
839,841,RUXOLITINIB,FULVESTRANT,BT-549,2.645774791,RUXOLITINIBFULVESTRANTBT-549,BT-549_RUXOLITINIB_FULVESTRANT
840,842,RUXOLITINIB,FULVESTRANT,MCF7,1.758334964,RUXOLITINIBFULVESTRANTMCF7,MCF7_RUXOLITINIB_FULVESTRANT
841,843,RUXOLITINIB,FULVESTRANT,MDA-MB-231,-1.470037917,RUXOLITINIBFULVESTRANTMDA-MB-231,MDA-MB-231_RUXOLITINIB_FULVESTRANT
842,844,RUXOLITINIB,FULVESTRANT,MDA-MB-468,0.218668297,RUXOLITINIBFULVESTRANTMDA-MB-468,MDA-MB-468_RUXOLITINIB_FULVESTRANT
893,895,RUXOLITINIB,SORAFENIB,T-47D,-1.134553925,RUXOLITINIBSORAFENIBT-47D,T-47D_RUXOLITINIB_SORAFENIB
850,852,RUXOLITINIB,IMATINIB,MCF7,3.595080659,RUXOLITINIBIMATINIBMCF7,MCF7_RUXOLITINIB_IMATINIB
851,853,RUXOLITINIB,IMATINIB,MDA-MB-231,-2.497494346,RUXOLITINIBIMATINIBMDA-MB-231,MDA-MB-231_RUXOLITINIB_IMATINIB
852,854,RUXOLITINIB,IMATINIB,MDA-MB-468,2.165192156,RUXOLITINIBIMATINIBMDA-MB-468,MDA-MB-468_RUXOLITINIB_IMATINIB
798,800,RALOXIFENE,SORAFENIB,T-47D,5.031982444,RALOXIFENESORAFENIBT-47D,T-47D_RALOXIFENE_SORAFENIB
854,856,RUXOLITINIB,LAPATINIB,BT-549,4.341577795,RUXOLITINIBLAPATINIBBT-549,BT-549_RUXOLITINIB_LAPATINIB
855,857,RUXOLITINIB,LAPATINIB,MCF7,3.405659171,RUXOLITINIBLAPATINIBMCF7,MCF7_RUXOLITINIB_LAPATINIB
856,858,RUXOLITINIB,LAPATINIB,MDA-MB-231,-7.821180912,RUXOLITINIBLAPATINIBMDA-MB-231,MDA-MB-231_RUXOLITINIB_LAPATINIB
857,859,RUXOLITINIB,LAPATINIB,MDA-MB-468,-0.087069415,RUXOLITINIBLAPATINIBMDA-MB-468,MDA-MB-468_RUXOLITINIB_LAPATINIB
713,715,PACLITAXEL,SORAFENIB,T-47D,8.069343349,PACLITAXELSORAFENIBT-47D,T-47D_PACLITAXEL_SORAFENIB
859,861,RUXOLITINIB,MEGESTROL ACETATE,BT-549,-1.930831902,RUXOLITINIBMEGESTROL ACETATEBT-549,BT-549_RUXOLITINIB_MEGESTROL ACETATE
860,862,RUXOLITINIB,MEGESTROL ACETATE,MCF7,-10.09455145,RUXOLITINIBMEGESTROL ACETATEMCF7,MCF7_RUXOLITINIB_MEGESTROL ACETATE
861,863,RUXOLITINIB,MEGESTROL ACETATE,MDA-MB-231,-11.42144034,RUXOLITINIBMEGESTROL ACETATEMDA-MB-231,MDA-MB-231_RUXOLITINIB_MEGESTROL ACETATE
862,864,RUXOLITINIB,MEGESTROL ACETATE,MDA-MB-468,-1.066353051,RUXOLITINIBMEGESTROL ACETATEMDA-MB-468,MDA-MB-468_RUXOLITINIB_MEGESTROL ACETATE
583,584,MK-2206,SORAFENIB,T-47D,16.47364344,MK-2206SORAFENIBT-47D,T-47D_MK-2206_SORAFENIB
866,868,RUXOLITINIB,MITOTANE,MDA-MB-231,-2.596988874,RUXOLITINIBMITOTANEMDA-MB-231,MDA-MB-231_RUXOLITINIB_MITOTANE
869,871,RUXOLITINIB,NILOTINIB,BT-549,6.039668464,RUXOLITINIBNILOTINIBBT-549,BT-549_RUXOLITINIB_NILOTINIB
879,881,RUXOLITINIB,PACLITAXEL,BT-549,9.188446075,RUXOLITINIBPACLITAXELBT-549,BT-549_RUXOLITINIB_PACLITAXEL
880,882,RUXOLITINIB,PACLITAXEL,MCF7,6.486916544,RUXOLITINIBPACLITAXELMCF7,MCF7_RUXOLITINIB_PACLITAXEL
881,883,RUXOLITINIB,PACLITAXEL,MDA-MB-231,11.87308321,RUXOLITINIBPACLITAXELMDA-MB-231,MDA-MB-231_RUXOLITINIB_PACLITAXEL
882,884,RUXOLITINIB,PACLITAXEL,MDA-MB-468,15.05872385,RUXOLITINIBPACLITAXELMDA-MB-468,MDA-MB-468_RUXOLITINIB_PACLITAXEL
528,529,MEGESTROL ACETATE,SORAFENIB,T-47D,4.459760439,MEGESTROL ACETATESORAFENIBT-47D,T-47D_MEGESTROL ACETATE_SORAFENIB
889,891,RUXOLITINIB,SORAFENIB,BT-549,-5.191537395,RUXOLITINIBSORAFENIBBT-549,BT-549_RUXOLITINIB_SORAFENIB
890,892,RUXOLITINIB,SORAFENIB,MCF7,-3.089036647,RUXOLITINIBSORAFENIBMCF7,MCF7_RUXOLITINIB_SORAFENIB
891,893,RUXOLITINIB,SORAFENIB,MDA-MB-231,-0.913709533,RUXOLITINIBSORAFENIBMDA-MB-231,MDA-MB-231_RUXOLITINIB_SORAFENIB
892,894,RUXOLITINIB,SORAFENIB,MDA-MB-468,-1.672094978,RUXOLITINIBSORAFENIBMDA-MB-468,MDA-MB-468_RUXOLITINIB_SORAFENIB
458,459,LAPATINIB,SORAFENIB,T-47D,10.43697805,LAPATINIBSORAFENIBT-47D,T-47D_LAPATINIB_SORAFENIB
894,896,RUXOLITINIB,STATTIC,MDA-MB-468,-3.606700352,RUXOLITINIBSTATTICMDA-MB-468,MDA-MB-468_RUXOLITINIB_STATTIC
895,897,RUXOLITINIB,TAMOXIFEN CITRATE,BT-549,0.2094721,RUXOLITINIBTAMOXIFEN CITRATEBT-549,BT-549_RUXOLITINIB_TAMOXIFEN CITRATE
896,898,RUXOLITINIB,TAMOXIFEN CITRATE,MCF7,3.257747711,RUXOLITINIBTAMOXIFEN CITRATEMCF7,MCF7_RUXOLITINIB_TAMOXIFEN CITRATE
897,899,RUXOLITINIB,TAMOXIFEN CITRATE,MDA-MB-231,1.811989446,RUXOLITINIBTAMOXIFEN CITRATEMDA-MB-231,MDA-MB-231_RUXOLITINIB_TAMOXIFEN CITRATE
898,900,RUXOLITINIB,TAMOXIFEN CITRATE,MDA-MB-468,6.794227876,RUXOLITINIBTAMOXIFEN CITRATEMDA-MB-468,MDA-MB-468_RUXOLITINIB_TAMOXIFEN CITRATE
422,422,IMATINIB,SORAFENIB,T-47D,-1.281109533,IMATINIBSORAFENIBT-47D,T-47D_IMATINIB_SORAFENIB
900,902,RUXOLITINIB,TRISENOX,BT-549,-5.639320938,RUXOLITINIBTRISENOXBT-549,BT-549_RUXOLITINIB_TRISENOX
901,903,RUXOLITINIB,TRISENOX,MCF7,-8.046130828,RUXOLITINIBTRISENOXMCF7,MCF7_RUXOLITINIB_TRISENOX
902,904,RUXOLITINIB,TRISENOX,MDA-MB-231,-5.177739561,RUXOLITINIBTRISENOXMDA-MB-231,MDA-MB-231_RUXOLITINIB_TRISENOX
903,905,RUXOLITINIB,TRISENOX,MDA-MB-468,3.766728878,RUXOLITINIBTRISENOXMDA-MB-468,MDA-MB-468_RUXOLITINIB_TRISENOX
367,367,GELDANAMYCIN,SORAFENIB,T-47D,12.13157389,GELDANAMYCINSORAFENIBT-47D,T-47D_GELDANAMYCIN_SORAFENIB
907,909,RUXOLITINIB,VANDETANIB,MDA-MB-231,2.525680171,RUXOLITINIBVANDETANIBMDA-MB-231,MDA-MB-231_RUXOLITINIB_VANDETANIB
910,912,SAPITINIB,ALPELISIB,BT-549,-0.903940517,SAPITINIBALPELISIBBT-549,BT-549_SAPITINIB_ALPELISIB
911,913,SAPITINIB,ALPELISIB,MDA-MB-468,2.204484629,SAPITINIBALPELISIBMDA-MB-468,MDA-MB-468_SAPITINIB_ALPELISIB
912,914,SAPITINIB,AZD2014,BT-549,-2.04895484,SAPITINIBAZD2014BT-549,BT-549_SAPITINIB_AZD2014
913,915,SAPITINIB,AZD2014,MCF7,2.628224652,SAPITINIBAZD2014MCF7,MCF7_SAPITINIB_AZD2014
914,916,SAPITINIB,AZD2014,MDA-MB-468,12.79807356,SAPITINIBAZD2014MDA-MB-468,MDA-MB-468_SAPITINIB_AZD2014
351,351,GEFITINIB,SORAFENIB,T-47D,4.313716868,GEFITINIBSORAFENIBT-47D,T-47D_GEFITINIB_SORAFENIB
916,918,SAPITINIB,AZD5363,BT-549,-0.495676851,SAPITINIBAZD5363BT-549,BT-549_SAPITINIB_AZD5363
917,919,SAPITINIB,AZD5363,MCF7,-0.516865451,SAPITINIBAZD5363MCF7,MCF7_SAPITINIB_AZD5363
918,920,SAPITINIB,AZD5363,MDA-MB-468,21.45556205,SAPITINIBAZD5363MDA-MB-468,MDA-MB-468_SAPITINIB_AZD5363
922,924,SAPITINIB,DEFOROLIMUS,MCF7,3.424336896,SAPITINIBDEFOROLIMUSMCF7,MCF7_SAPITINIB_DEFOROLIMUS
261,261,FULVESTRANT,SORAFENIB,T-47D,-1.072440744,FULVESTRANTSORAFENIBT-47D,T-47D_FULVESTRANT_SORAFENIB
926,928,SAPITINIB,FULVESTRANT,MCF7,8.928531883,SAPITINIBFULVESTRANTMCF7,MCF7_SAPITINIB_FULVESTRANT
210,210,DASATINIB,SORAFENIB,T-47D,5.761637339,DASATINIBSORAFENIBT-47D,T-47D_DASATINIB_SORAFENIB
162,162,CELECOXIB,SORAFENIB,T-47D,-0.691139134,CELECOXIBSORAFENIBT-47D,T-47D_CELECOXIB_SORAFENIB
932,934,SAPITINIB,PF-04691502,MCF7,5.160003428,SAPITINIBPF-04691502MCF7,MCF7_SAPITINIB_PF-04691502
57,57,ANTIBIOTIC AY 22989,SORAFENIB,T-47D,4.149652211,ANTIBIOTIC AY 22989SORAFENIBT-47D,T-47D_ANTIBIOTIC AY 22989_SORAFENIB
934,936,SAPITINIB,SELUMETINIB,BT-549,-0.55212237,SAPITINIBSELUMETINIBBT-549,BT-549_SAPITINIB_SELUMETINIB
935,937,SAPITINIB,SELUMETINIB,MDA-MB-468,30.68398538,SAPITINIBSELUMETINIBMDA-MB-468,MDA-MB-468_SAPITINIB_SELUMETINIB
938,940,SAPITINIB,TRAMETINIB,MCF7,3.011734365,SAPITINIBTRAMETINIBMCF7,MCF7_SAPITINIB_TRAMETINIB
7,7,915019-65-7,SORAFENIB,T-47D,18.01756476,915019-65-7SORAFENIBT-47D,T-47D_915019-65-7_SORAFENIB
941,943,SELUMETINIB,AZD2014,MDA-MB-468,-2.491966224,SELUMETINIBAZD2014MDA-MB-468,MDA-MB-468_SELUMETINIB_AZD2014
943,945,SELUMETINIB,DEFOROLIMUS,MCF7,5.18390451,SELUMETINIBDEFOROLIMUSMCF7,MCF7_SELUMETINIB_DEFOROLIMUS
5,5,391210-10-9,SORAFENIB,T-47D,14.68236636,391210-10-9SORAFENIBT-47D,T-47D_391210-10-9_SORAFENIB
947,949,SELUMETINIB,FULVESTRANT,MCF7,15.81560374,SELUMETINIBFULVESTRANTMCF7,MCF7_SELUMETINIB_FULVESTRANT
1133,1135,VANDETANIB,TAMOXIFEN CITRATE,T-47D,9.765932726,VANDETANIBTAMOXIFEN CITRATET-47D,T-47D_VANDETANIB_TAMOXIFEN CITRATE
949,951,SELUMETINIB,MK-2206,MCF7,15.46011664,SELUMETINIBMK-2206MCF7,MCF7_SELUMETINIB_MK-2206
950,952,SELUMETINIB,MK-2206,MDA-MB-468,0.71136361,SELUMETINIBMK-2206MDA-MB-468,MDA-MB-468_SELUMETINIB_MK-2206
899,901,RUXOLITINIB,TAMOXIFEN CITRATE,T-47D,-1.210665036,RUXOLITINIBTAMOXIFEN CITRATET-47D,T-47D_RUXOLITINIB_TAMOXIFEN CITRATE
952,954,SELUMETINIB,PF-04691502,MCF7,6.527936634,SELUMETINIBPF-04691502MCF7,MCF7_SELUMETINIB_PF-04691502
803,805,RALOXIFENE,TAMOXIFEN CITRATE,T-47D,2.830538889,RALOXIFENETAMOXIFEN CITRATET-47D,T-47D_RALOXIFENE_TAMOXIFEN CITRATE
956,958,SELUMETINIB,TRAMETINIB,MCF7,0.252101407,SELUMETINIBTRAMETINIBMCF7,MCF7_SELUMETINIB_TRAMETINIB
533,534,MEGESTROL ACETATE,TAMOXIFEN CITRATE,T-47D,-0.832017339,MEGESTROL ACETATETAMOXIFEN CITRATET-47D,T-47D_MEGESTROL ACETATE_TAMOXIFEN CITRATE
965,967,SORAFENIB,ERLOTINIB HYDROCHLORIDE,MDA-MB-231,-1.882361233,SORAFENIBERLOTINIB HYDROCHLORIDEMDA-MB-231,MDA-MB-231_SORAFENIB_ERLOTINIB HYDROCHLORIDE
973,975,SORAFENIB,TRISENOX,BT-549,-4.328889444,SORAFENIBTRISENOXBT-549,BT-549_SORAFENIB_TRISENOX
974,976,SORAFENIB,TRISENOX,MCF7,-2.133331703,SORAFENIBTRISENOXMCF7,MCF7_SORAFENIB_TRISENOX
975,977,SORAFENIB,TRISENOX,MDA-MB-231,-7.249371251,SORAFENIBTRISENOXMDA-MB-231,MDA-MB-231_SORAFENIB_TRISENOX
976,978,SORAFENIB,TRISENOX,MDA-MB-468,-2.51652143,SORAFENIBTRISENOXMDA-MB-468,MDA-MB-468_SORAFENIB_TRISENOX
167,167,CELECOXIB,TAMOXIFEN CITRATE,T-47D,1.676474156,CELECOXIBTAMOXIFEN CITRATET-47D,T-47D_CELECOXIB_TAMOXIFEN CITRATE
979,981,TAMOXIFEN CITRATE,ANTIBIOTIC AY 22989,MCF7,0.637302103,TAMOXIFEN CITRATEANTIBIOTIC AY 22989MCF7,MCF7_TAMOXIFEN CITRATE_ANTIBIOTIC AY 22989
980,982,TAMOXIFEN CITRATE,ANTIBIOTIC AY 22989,MDA-MB-231,-0.920357928,TAMOXIFEN CITRATEANTIBIOTIC AY 22989MDA-MB-231,MDA-MB-231_TAMOXIFEN CITRATE_ANTIBIOTIC AY 22989
983,985,TAMOXIFEN CITRATE,DASATINIB,BT-549,0.173945875,TAMOXIFEN CITRATEDASATINIBBT-549,BT-549_TAMOXIFEN CITRATE_DASATINIB
984,986,TAMOXIFEN CITRATE,DASATINIB,MCF7,-1.267165889,TAMOXIFEN CITRATEDASATINIBMCF7,MCF7_TAMOXIFEN CITRATE_DASATINIB
985,987,TAMOXIFEN CITRATE,DASATINIB,MDA-MB-231,1.103620756,TAMOXIFEN CITRATEDASATINIBMDA-MB-231,MDA-MB-231_TAMOXIFEN CITRATE_DASATINIB
986,988,TAMOXIFEN CITRATE,DASATINIB,MDA-MB-468,0.977932689,TAMOXIFEN CITRATEDASATINIBMDA-MB-468,MDA-MB-468_TAMOXIFEN CITRATE_DASATINIB
96,96,AZD5363,TEMSIROLIMUS,T-47D,0.316742929,AZD5363TEMSIROLIMUST-47D,T-47D_AZD5363_TEMSIROLIMUS
994,996,TAMOXIFEN CITRATE,ERLOTINIB HYDROCHLORIDE,MDA-MB-468,4.782894542,TAMOXIFEN CITRATEERLOTINIB HYDROCHLORIDEMDA-MB-468,MDA-MB-468_TAMOXIFEN CITRATE_ERLOTINIB HYDROCHLORIDE
996,998,TAMOXIFEN CITRATE,FULVESTRANT,BT-549,-0.22132923,TAMOXIFEN CITRATEFULVESTRANTBT-549,BT-549_TAMOXIFEN CITRATE_FULVESTRANT
997,999,TAMOXIFEN CITRATE,FULVESTRANT,MCF7,8.332097333,TAMOXIFEN CITRATEFULVESTRANTMCF7,MCF7_TAMOXIFEN CITRATE_FULVESTRANT
998,1000,TAMOXIFEN CITRATE,FULVESTRANT,MDA-MB-231,4.045056987,TAMOXIFEN CITRATEFULVESTRANTMDA-MB-231,MDA-MB-231_TAMOXIFEN CITRATE_FULVESTRANT
999,1001,TAMOXIFEN CITRATE,FULVESTRANT,MDA-MB-468,1.900892992,TAMOXIFEN CITRATEFULVESTRANTMDA-MB-468,MDA-MB-468_TAMOXIFEN CITRATE_FULVESTRANT
957,959,SELUMETINIB,TRAMETINIB,T-47D,-9.747586614,SELUMETINIBTRAMETINIBT-47D,T-47D_SELUMETINIB_TRAMETINIB
1001,1003,TAMOXIFEN CITRATE,IMATINIB,BT-549,-3.6621568,TAMOXIFEN CITRATEIMATINIBBT-549,BT-549_TAMOXIFEN CITRATE_IMATINIB
1002,1004,TAMOXIFEN CITRATE,IMATINIB,MCF7,-6.381328578,TAMOXIFEN CITRATEIMATINIBMCF7,MCF7_TAMOXIFEN CITRATE_IMATINIB
1003,1005,TAMOXIFEN CITRATE,IMATINIB,MDA-MB-231,3.231112741,TAMOXIFEN CITRATEIMATINIBMDA-MB-231,MDA-MB-231_TAMOXIFEN CITRATE_IMATINIB
1004,1006,TAMOXIFEN CITRATE,IMATINIB,MDA-MB-468,-1.395903111,TAMOXIFEN CITRATEIMATINIBMDA-MB-468,MDA-MB-468_TAMOXIFEN CITRATE_IMATINIB
939,941,SAPITINIB,TRAMETINIB,T-47D,1.603428441,SAPITINIBTRAMETINIBT-47D,T-47D_SAPITINIB_TRAMETINIB
1006,1008,TAMOXIFEN CITRATE,LAPATINIB,BT-549,-3.397776382,TAMOXIFEN CITRATELAPATINIBBT-549,BT-549_TAMOXIFEN CITRATE_LAPATINIB
1007,1009,TAMOXIFEN CITRATE,LAPATINIB,MCF7,4.766184305,TAMOXIFEN CITRATELAPATINIBMCF7,MCF7_TAMOXIFEN CITRATE_LAPATINIB
1008,1010,TAMOXIFEN CITRATE,LAPATINIB,MDA-MB-231,-12.31244034,TAMOXIFEN CITRATELAPATINIBMDA-MB-231,MDA-MB-231_TAMOXIFEN CITRATE_LAPATINIB
1009,1011,TAMOXIFEN CITRATE,LAPATINIB,MDA-MB-468,2.946668297,TAMOXIFEN CITRATELAPATINIBMDA-MB-468,MDA-MB-468_TAMOXIFEN CITRATE_LAPATINIB
1040,1042,TAMOXIFEN CITRATE,TRISENOX,T-47D,4.508825838,TAMOXIFEN CITRATETRISENOXT-47D,T-47D_TAMOXIFEN CITRATE_TRISENOX
1021,1023,TAMOXIFEN CITRATE,NSC733504,BT-549,2.763334964,TAMOXIFEN CITRATENSC733504BT-549,BT-549_TAMOXIFEN CITRATE_NSC733504
1024,1026,TAMOXIFEN CITRATE,NSC733504,MDA-MB-468,6.153335678,TAMOXIFEN CITRATENSC733504MDA-MB-468,MDA-MB-468_TAMOXIFEN CITRATE_NSC733504
977,979,SORAFENIB,TRISENOX,T-47D,-1.374442814,SORAFENIBTRISENOXT-47D,T-47D_SORAFENIB_TRISENOX
1026,1028,TAMOXIFEN CITRATE,PACLITAXEL,BT-549,23.2380819,TAMOXIFEN CITRATEPACLITAXELBT-549,BT-549_TAMOXIFEN CITRATE_PACLITAXEL
1027,1029,TAMOXIFEN CITRATE,PACLITAXEL,MCF7,1.2886366,TAMOXIFEN CITRATEPACLITAXELMCF7,MCF7_TAMOXIFEN CITRATE_PACLITAXEL
1028,1030,TAMOXIFEN CITRATE,PACLITAXEL,MDA-MB-231,15.07251044,TAMOXIFEN CITRATEPACLITAXELMDA-MB-231,MDA-MB-231_TAMOXIFEN CITRATE_PACLITAXEL
1029,1031,TAMOXIFEN CITRATE,PACLITAXEL,MDA-MB-468,23.98774209,TAMOXIFEN CITRATEPACLITAXELMDA-MB-468,MDA-MB-468_TAMOXIFEN CITRATE_PACLITAXEL
904,906,RUXOLITINIB,TRISENOX,T-47D,-5.662482162,RUXOLITINIBTRISENOXT-47D,T-47D_RUXOLITINIB_TRISENOX
1031,1033,TAMOXIFEN CITRATE,SORAFENIB,BT-549,-4.607995778,TAMOXIFEN CITRATESORAFENIBBT-549,BT-549_TAMOXIFEN CITRATE_SORAFENIB
1032,1034,TAMOXIFEN CITRATE,SORAFENIB,MCF7,0.040833214,TAMOXIFEN CITRATESORAFENIBMCF7,MCF7_TAMOXIFEN CITRATE_SORAFENIB
1033,1035,TAMOXIFEN CITRATE,SORAFENIB,MDA-MB-231,3.021876934,TAMOXIFEN CITRATESORAFENIBMDA-MB-231,MDA-MB-231_TAMOXIFEN CITRATE_SORAFENIB
1034,1036,TAMOXIFEN CITRATE,SORAFENIB,MDA-MB-468,0.195348619,TAMOXIFEN CITRATESORAFENIBMDA-MB-468,MDA-MB-468_TAMOXIFEN CITRATE_SORAFENIB
718,720,PACLITAXEL,TRISENOX,T-47D,6.920006656,PACLITAXELTRISENOXT-47D,T-47D_PACLITAXEL_TRISENOX
1036,1038,TAMOXIFEN CITRATE,TRISENOX,BT-549,3.056657115,TAMOXIFEN CITRATETRISENOXBT-549,BT-549_TAMOXIFEN CITRATE_TRISENOX
1037,1039,TAMOXIFEN CITRATE,TRISENOX,MCF7,6.902227444,TAMOXIFEN CITRATETRISENOXMCF7,MCF7_TAMOXIFEN CITRATE_TRISENOX
1038,1040,TAMOXIFEN CITRATE,TRISENOX,MDA-MB-231,-2.754210031,TAMOXIFEN CITRATETRISENOXMDA-MB-231,MDA-MB-231_TAMOXIFEN CITRATE_TRISENOX
1039,1041,TAMOXIFEN CITRATE,TRISENOX,MDA-MB-468,2.473337978,TAMOXIFEN CITRATETRISENOXMDA-MB-468,MDA-MB-468_TAMOXIFEN CITRATE_TRISENOX
538,539,MEGESTROL ACETATE,TRISENOX,T-47D,0.032892992,MEGESTROL ACETATETRISENOXT-47D,T-47D_MEGESTROL ACETATE_TRISENOX
1041,1043,TRAMETINIB,AZD2014,MCF7,5.54850613,TRAMETINIBAZD2014MCF7,MCF7_TRAMETINIB_AZD2014
463,464,LAPATINIB,TRISENOX,T-47D,4.826700667,LAPATINIBTRISENOXT-47D,T-47D_LAPATINIB_TRISENOX
1052,1054,VANDETANIB,CELECOXIB,MDA-MB-468,0.989004104,VANDETANIBCELECOXIBMDA-MB-468,MDA-MB-468_VANDETANIB_CELECOXIB
427,427,IMATINIB,TRISENOX,T-47D,-0.996789496,IMATINIBTRISENOXT-47D,T-47D_IMATINIB_TRISENOX
1054,1056,VANDETANIB,DASATINIB,BT-549,13.61625622,VANDETANIBDASATINIBBT-549,BT-549_VANDETANIB_DASATINIB
365,365,GEFITINIB,TRISENOX,T-47D,2.791982424,GEFITINIBTRISENOXT-47D,T-47D_GEFITINIB_TRISENOX
1065,1067,VANDETANIB,ERLOTINIB HYDROCHLORIDE,MCF7,2.921978202,VANDETANIBERLOTINIB HYDROCHLORIDEMCF7,MCF7_VANDETANIB_ERLOTINIB HYDROCHLORIDE
1067,1069,VANDETANIB,ERLOTINIB HYDROCHLORIDE,MDA-MB-468,6.535315994,VANDETANIBERLOTINIB HYDROCHLORIDEMDA-MB-468,MDA-MB-468_VANDETANIB_ERLOTINIB HYDROCHLORIDE
266,266,FULVESTRANT,TRISENOX,T-47D,5.376716667,FULVESTRANTTRISENOXT-47D,T-47D_FULVESTRANT_TRISENOX
228,228,EMCYT (PHARMACIA),TRISENOX,T-47D,6.246428111,EMCYT (PHARMACIA)TRISENOXT-47D,T-47D_EMCYT (PHARMACIA)_TRISENOX
1074,1076,VANDETANIB,GEFITINIB,BT-549,1.46450163,VANDETANIBGEFITINIBBT-549,BT-549_VANDETANIB_GEFITINIB
1082,1084,VANDETANIB,IMATINIB,MDA-MB-468,2.597514159,VANDETANIBIMATINIBMDA-MB-468,MDA-MB-468_VANDETANIB_IMATINIB
1096,1098,VANDETANIB,MITOTANE,MDA-MB-231,-3.530861556,VANDETANIBMITOTANEMDA-MB-231,MDA-MB-231_VANDETANIB_MITOTANE
1099,1101,VANDETANIB,NILOTINIB,BT-549,-1.95967877,VANDETANIBNILOTINIBBT-549,BT-549_VANDETANIB_NILOTINIB
215,215,DASATINIB,TRISENOX,T-47D,-0.213332333,DASATINIBTRISENOXT-47D,T-47D_DASATINIB_TRISENOX
1119,1121,VANDETANIB,RUXOLITINIB,BT-549,5.984305464,VANDETANIBRUXOLITINIBBT-549,BT-549_VANDETANIB_RUXOLITINIB
1122,1124,VANDETANIB,RUXOLITINIB,MDA-MB-468,4.626204646,VANDETANIBRUXOLITINIBMDA-MB-468,MDA-MB-468_VANDETANIB_RUXOLITINIB
172,172,CELECOXIB,TRISENOX,T-47D,-2.368887259,CELECOXIBTRISENOXT-47D,T-47D_CELECOXIB_TRISENOX
1127,1129,VANDETANIB,SORAFENIB,MDA-MB-468,-7.836691624,VANDETANIBSORAFENIBMDA-MB-468,MDA-MB-468_VANDETANIB_SORAFENIB
62,62,ANTIBIOTIC AY 22989,TRISENOX,T-47D,7.027783333,ANTIBIOTIC AY 22989TRISENOXT-47D,T-47D_ANTIBIOTIC AY 22989_TRISENOX
1134,1136,VANDETANIB,TRISENOX,BT-549,-0.949727577,VANDETANIBTRISENOXBT-549,BT-549_VANDETANIB_TRISENOX